DATE,T10Y3M_level,T10Y2Y_level,T10Y3M_lag1,T10Y2Y_lag1,T10Y3M_lag3,T10Y2Y_lag3,T10Y3M_lag6,T10Y2Y_lag6,T10Y3M_lag12,T10Y2Y_lag12,UNRATE_level,UNRATE_diff3,UNRATE_diff12,Sahm_Indicator,CPI_YoY,CPI_MoM,INDPRO_YoY,INDPRO_MoM,FEDFUNDS_level,FEDFUNDS_diff1,FEDFUNDS_diff12,Credit_Spread_level,Credit_Spread_lag1,Credit_Spread_lag3,Credit_Spread_lag6,Credit_Spread_lag12,SP500_Return_1m,SP500_Return_3m,SP500_Return_12m,SP500_Drawdown,M2_YoY,M2_MoM,target_3m,target_6m,target_12m,USREC
1980-01-01,,-0.6959090909090909,,,,,,,,,6.3,,,,,,,,13.82,,,1.6199999999999992,,,,,,,,0.0,,,1.0,1.0,1.0,0.0
1980-02-01,,-1.0036842105263155,,-0.6959090909090909,,,,,,,6.3,,,,,0.012739025777429712,,0.0002707635837603213,14.13,0.3100000000000005,,1.1600000000000001,1.6199999999999992,,,,-0.004389437158488404,,,-0.004379817659080489,,0.007993862472209302,1.0,1.0,1.0,1.0
1980-03-01,,-2.1357142857142857,,-1.0036842105263155,,,,,,,6.3,,,,,0.013828001607291897,,-0.004078811257406858,17.19,3.0600000000000005,,1.6999999999999993,1.1600000000000001,,,,-0.10735682677929415,,,-0.10572886244768825,,0.003473153371099285,1.0,1.0,1.0,1.0
1980-04-01,,-1.0285714285714287,,-2.1357142857142857,,-0.6959090909090909,,,,,6.9,0.6000000000000005,,,,0.009937969990132712,,-0.020063042924925934,17.61,0.41999999999999815,,2.719999999999999,1.6999999999999993,1.6199999999999992,,,0.04031647484943399,-0.07142978908834861,,-0.06893835401298387,,0.0015989343846224435,1.0,1.0,1.0,1.0
1980-05-01,,0.7314285714285714,,-1.0285714285714287,,-1.0036842105263155,,,,,7.5,1.2000000000000002,,,,0.009840177801511136,,-0.024908510496582402,10.98,-6.629999999999999,,2.99,2.719999999999999,1.1600000000000001,,,0.045518794002990456,-0.02152155792686969,,-0.025578185920372667,,0.006700970504783286,1.0,1.0,1.0,1.0
1980-06-01,,1.05,,0.7314285714285714,,-2.1357142857142857,,,,,7.6,1.2999999999999998,,,,0.009744291474678141,,-0.013006438857943082,9.47,-1.5099999999999998,,2.9300000000000015,2.99,1.6999999999999993,,,0.02661146972981168,0.11244673858223601,,0.0,,0.011113052065562842,1.0,1.0,1.0,1.0
1980-07-01,,1.2181818181818185,,1.05,,-1.0285714285714287,,-0.6959090909090909,,,7.8,0.8999999999999995,,,,0.0012113871862970882,,-0.007058821483440327,9.03,-0.4400000000000013,,2.4000000000000004,2.9300000000000015,2.719999999999999,1.6199999999999992,,0.06301096685822785,0.1351412305910299,,0.0,,0.010602759749913305,0.0,0.0,0.0,1.0
1980-08-01,,0.5742857142857143,,1.2181818181818185,,0.7314285714285714,,-1.0036842105263155,,,7.7,0.20000000000000018,,,,0.007237667300230602,,0.003130645263093491,9.61,0.5800000000000001,,2.0500000000000007,2.4000000000000004,2.99,1.1600000000000001,,0.0058184888413258485,0.09544092542936533,,0.0,,0.010299415150962252,0.0,0.0,1.0,0.0
1980-09-01,,-0.0661904761904762,,0.5742857142857143,,1.05,,-2.1357142857142857,,,7.5,-0.09999999999999964,,,,0.00837826564599772,,0.01636577881719009,10.87,1.2599999999999998,,2.1899999999999995,2.0500000000000007,2.9300000000000015,1.6999999999999993,,0.02485603977990146,0.09368549547945526,,0.0,,0.00797325225421524,0.0,0.0,1.0,0.0
1980-10-01,,-0.3368181818181818,,-0.0661904761904762,,1.2181818181818185,,-1.0285714285714287,,,7.5,-0.2999999999999998,,,,0.00948998818484821,,0.012631544289275858,12.81,1.9400000000000013,,2.4800000000000004,2.1899999999999995,2.4000000000000004,2.719999999999999,,0.015894076999992433,0.04656860562121987,,0.0,,0.006838066406992712,0.0,0.0,1.0,0.0
1980-11-01,,-0.8294117647058823,,-0.3368181818181818,,0.5742857142857143,,0.7314285714285714,,,7.5,-0.20000000000000018,,,,0.010569681489687642,,0.016603507821059602,15.85,3.039999999999999,,1.9600000000000009,2.4800000000000004,2.0500000000000007,2.99,,0.09746880543104719,0.13821892221094112,,0.0,,0.006916961489839351,0.0,0.0,1.0,0.0
1980-12-01,,-1.232727272727273,,-0.8294117647058823,,-0.0661904761904762,,1.05,,,7.2,-0.2999999999999998,,,,0.00930239266231363,,0.006634666858682787,18.9,3.049999999999999,,2.3000000000000007,1.9600000000000009,2.1899999999999995,2.9300000000000015,,-0.03446127733861862,0.0789016050924211,,-0.033874250077558996,,0.0025034435405409654,0.0,0.0,1.0,0.0
1981-01-01,,-0.6938095238095239,,-1.232727272727273,,-0.3368181818181818,,1.2181818181818185,,-0.6959090909090909,7.5,0.0,1.2000000000000002,,0.11149550422534223,0.009216655104924048,-0.01990960871752709,-0.006430890330290514,19.08,0.17999999999999972,5.259999999999998,2.459999999999999,2.3000000000000007,2.4800000000000004,2.4000000000000004,1.6199999999999992,-0.04682164989893291,0.016185878193495606,0.12646592531739678,-0.07806718536268235,0.08044210702372716,0.0044282356329861765,0.0,0.0,1.0,0.0
1981-02-01,,-0.7244444444444444,,-0.6938095238095239,,-0.8294117647058823,,0.5742857142857143,,-1.0036842105263155,7.4,-0.09999999999999964,1.1000000000000005,,0.10788896201118492,0.009132483563272474,-0.024450715656483574,-0.004270343355196074,15.93,-3.1499999999999986,1.799999999999999,2.1799999999999997,2.459999999999999,1.9600000000000009,2.0500000000000007,1.1600000000000001,0.013189372797718448,-0.06809355443983311,0.14404473527360365,-0.0658269265496515,0.07976474544372515,0.007316500892207361,0.0,1.0,1.0,0.0
1981-03-01,,-0.4527272727272727,,-0.7244444444444444,,-1.232727272727273,,-0.0661904761904762,,-2.1357142857142857,7.4,0.20000000000000018,1.1000000000000005,1.1333333333333337,0.10085600353672176,0.006795043132828808,-0.015296657946199466,0.005075246452877347,14.7,-1.2300000000000004,-2.490000000000002,2.2200000000000006,2.1799999999999997,2.3000000000000007,2.1899999999999995,1.6999999999999993,0.03539858237361268,0.001766305272398207,0.2868001444265104,-0.03216626910782671,0.08728915322599234,0.010997561153366421,0.0,1.0,1.0,0.0
1981-04-01,,-0.4719047619047619,,-0.4527272727272727,,-0.6938095238095239,,-0.3368181818181818,,-1.0285714285714287,7.2,-0.2999999999999998,0.2999999999999998,0.833333333333333,0.09654551041231757,0.005627476865728389,0.00035989014889260075,-0.004406494829833889,15.72,1.0200000000000014,-1.8899999999999988,1.8800000000000008,2.2200000000000006,2.459999999999999,2.4800000000000004,2.719999999999999,-0.023735368706591844,0.024852586464739413,0.2227483008704848,-0.05486768061092489,0.09940485822335157,0.013714639381981628,0.0,1.0,1.0,0.0
1981-05-01,,-1.3575,,-0.4719047619047619,,-0.7244444444444444,,-0.8294117647058823,,0.7314285714285714,7.5,0.09999999999999964,0.0,0.4666666666666677,0.0934167671987932,0.006711434587986999,0.030983682236992247,0.005715281591517415,18.52,2.799999999999999,7.539999999999999,1.8499999999999996,1.8800000000000008,2.1799999999999997,1.9600000000000009,2.99,-0.0016578845226339466,0.010005329144387022,0.1755716223448604,-0.056433302686174434,0.09571285670963472,0.003008968991066649,1.0,1.0,1.0,0.0
1981-06-01,,-1.0336363636363637,,-1.3575,,-0.4527272727272727,,-1.232727272727273,,1.05,7.5,0.09999999999999964,-0.09999999999999964,0.06666666666666643,0.0925515573652451,0.008879081641129924,0.04907205512852268,0.005081934033587386,19.1,0.5800000000000018,9.63,2.33,1.8499999999999996,2.2200000000000006,2.3000000000000007,2.9300000000000015,-0.010462488220335095,-0.03585574144956085,0.13849766439471373,-0.06625389464507951,0.0882585281736441,0.0036587235295722762,1.0,1.0,1.0,0.0
1981-07-01,,-1.0731818181818182,,-1.0336363636363637,,-0.4719047619047619,,-0.6938095238095239,,1.2181818181818185,7.2,0.0,-0.5999999999999996,0.0666666666666682,0.10232929175454336,0.010989121575595165,0.06266461732749479,0.006533740715531878,19.04,-0.060000000000002274,10.01,1.8900000000000023,2.33,1.8800000000000008,2.459999999999999,2.4000000000000004,-0.0022127086395693015,-0.014333081382538313,0.07327398889691634,-0.06831771855700855,0.08457662416121627,0.00692085573748533,1.0,1.0,1.0,0.0
1981-08-01,,-1.3476190476190475,,-1.0731818181818182,,-1.3575,,-0.7244444444444444,,0.5742857142857143,7.4,-0.09999999999999964,-0.2999999999999998,0.0333333333333341,0.10271278273538519,0.007621158281072566,0.058286747942873696,-0.0012472241215275794,17.82,-1.2199999999999989,8.21,1.4000000000000004,1.8900000000000023,1.8499999999999996,2.1799999999999997,2.0500000000000007,-0.06411084901845902,-0.07678604587836348,0.003344651037131561,-0.1261742301299397,0.08162277844092723,0.007345569430673339,1.0,1.0,1.0,1.0
1981-09-01,,-1.1338095238095238,,-1.3476190476190475,,-1.0336363636363637,,-0.4527272727272727,,-0.0661904761904762,7.6,0.09999999999999964,0.09999999999999964,0.0666666666666682,0.10404857080986081,0.00971405372047307,0.03709340096443372,-0.004827568161249871,15.87,-1.950000000000001,5.0,1.6000000000000014,1.4000000000000004,2.33,2.2200000000000006,2.1899999999999995,-0.05533487143732666,-0.12165842909535503,-0.07684626018009659,-0.17321380036461687,0.08053129907427599,0.006881772887563778,1.0,1.0,1.0,1.0
1981-10-01,,-0.3947619047619047,,-1.1338095238095238,,-1.0731818181818182,,-0.4719047619047619,,-0.3368181818181818,7.9,0.7000000000000002,0.40000000000000036,0.2999999999999998,0.09777574357678817,0.003217160951775764,0.01654471841254238,-0.007917138262615564,15.08,-0.7899999999999991,2.2699999999999996,1.959999999999999,1.6000000000000014,1.8900000000000023,1.8800000000000008,2.4800000000000004,0.04797827846921244,-0.07146744198657339,-0.04476205871087672,-0.1325790230314105,0.08291203883951315,0.009218806172229883,1.0,1.0,1.0,1.0
1981-11-01,,0.5111111111111111,,-0.3947619047619047,,-1.3476190476190475,,-1.3575,,-0.8294117647058823,8.3,0.9000000000000004,0.8000000000000007,0.6000000000000005,0.0914795728644827,0.004273510777381864,-0.011749872284237194,-0.011691082875720064,13.31,-1.7699999999999996,-2.539999999999999,3.0,1.959999999999999,1.4000000000000004,1.8499999999999996,1.9600000000000009,0.03593682809725068,0.028580235129136444,-0.10629403604467313,-0.1008397763130219,0.08426604037372222,0.008270963024048407,1.0,1.0,1.0,1.0
1981-12-01,,0.4340909090909091,,0.5111111111111111,,-1.1338095238095238,,-1.0336363636363637,,-1.232727272727273,8.5,0.9000000000000004,1.2999999999999998,0.9000000000000012,0.0853703707813239,0.0031931905791549855,-0.029074967335816125,-0.010690428192896196,12.37,-0.9400000000000013,-6.529999999999999,2.83,3.0,1.6000000000000014,2.33,2.3000000000000007,-0.030536686881333493,0.053378419685129526,-0.10236944558738811,-0.12788215680566198,0.09287509519376538,0.011112498360584217,1.0,1.0,1.0,1.0
1982-01-01,1.6760000000000002,0.026,,0.4340909090909091,,-0.3947619047619047,,-1.0731818181818182,,-0.6938095238095239,8.6,0.6999999999999993,1.0999999999999996,1.1333333333333337,0.07933674223652101,0.0031830265601211125,-0.04350601018552781,-0.020861933180002224,13.22,0.8500000000000014,-5.859999999999998,2.5100000000000016,2.83,1.959999999999999,1.8900000000000023,2.459999999999999,-0.01769958932813228,-0.012299448112215136,-0.0732473850165875,-0.14318248032195044,0.09689865268913231,0.00845179312835302,1.0,1.0,1.0,1.0
1982-02-01,0.1461111111111111,-0.3977777777777778,1.6760000000000002,0.026,,0.5111111111111111,,-1.3476190476190475,,-0.7244444444444444,8.9,0.5999999999999996,1.5,1.333333333333333,0.07337718571382612,0.0031729270405774918,-0.019077406309206197,0.02015826052112545,14.78,1.5599999999999987,-1.1500000000000004,2.75,2.5100000000000016,3.0,1.4000000000000004,2.1799999999999997,-0.06245874360875529,-0.11069501981822116,-0.14889550142306118,-0.1950612213828489,0.09189533514663627,0.0023131833497112165,1.0,1.0,1.0,1.0
1982-03-01,0.5465217391304348,-0.3330434782608695,0.1461111111111111,-0.3977777777777778,,0.4340909090909091,,-1.1338095238095238,,-0.4527272727272727,9.0,0.5,1.5999999999999996,1.5000000000000009,0.06658214258099748,0.0,-0.030818948391974587,-0.006666295629891161,14.68,-0.09999999999999964,-0.019999999999999574,2.960000000000001,2.75,2.83,1.6000000000000014,2.2200000000000006,-0.010219145469397114,-0.09037747840628467,-0.19451322926607095,-0.20324512040728326,0.08763747937018326,0.006739705376913235,1.0,1.0,1.0,1.0
1982-04-01,0.5271428571428571,-0.3304761904761905,0.5465217391304348,-0.3330434782608695,1.6760000000000002,0.026,,-0.3947619047619047,,-0.4719047619047619,9.3,0.7000000000000011,2.1000000000000005,1.7333333333333334,0.06411755712377724,0.003162891408508217,-0.035687695424750615,-0.00927524186260986,14.94,0.2599999999999998,-0.7800000000000011,2.910000000000002,2.960000000000001,2.5100000000000016,1.959999999999999,1.8800000000000008,0.03923448337451653,-0.03344340570363602,-0.13154337718496273,-0.17136351479441203,0.08361542923836983,0.00969258925016831,1.0,1.0,1.0,1.0
1982-05-01,0.9085,-0.1545,0.5271428571428571,-0.3304761904761905,0.1461111111111111,-0.3977777777777778,,0.5111111111111111,,-1.3575,9.4,0.5,1.9000000000000004,1.8666666666666671,0.06683521282464219,0.009429090288851687,-0.048082392137843544,-0.006679415121575608,14.45,-0.4900000000000002,-4.07,3.0200000000000014,2.910000000000002,2.75,3.0,1.8499999999999996,-0.03994929606009566,-0.010933958154976255,-0.16983478872242447,-0.20381444739719412,0.08696130162619733,0.006354841378894291,1.0,1.0,1.0,1.0
1982-06-01,1.220909090909091,-0.1659090909090909,0.9085,-0.1545,0.5465217391304348,-0.3330434782608695,,0.4340909090909091,,-1.0336363636363637,9.6,0.5999999999999996,2.0999999999999996,2.0666666666666664,0.06936112779750232,0.011404996613990161,-0.05577088800428612,-0.0026065618328552226,14.15,-0.29999999999999893,-4.950000000000001,2.620000000000001,3.0200000000000014,2.960000000000001,2.83,2.33,-0.02049822698837674,-0.02121303967395599,-0.1798705274904661,-0.21996870710433863,0.08912453115901182,0.005821953062386835,1.0,1.0,1.0,1.0
1982-07-01,2.0828571428571427,0.149047619047619,1.220909090909091,-0.1659090909090909,0.5271428571428571,-0.3304761904761905,1.6760000000000002,0.026,,-1.0731818181818182,9.8,0.5,2.6000000000000005,2.2333333333333325,0.06351340572232593,0.005141399500418652,-0.06559666016340673,-0.0032920314435888384,12.59,-1.5600000000000005,-6.449999999999999,2.8500000000000014,2.620000000000001,2.910000000000002,2.5100000000000016,1.8900000000000023,-0.0232590485797998,-0.08370657162827214,-0.20091686743069662,-0.2379021272284569,0.08521119648548177,0.0030075210639553224,1.0,1.0,1.0,1.0
1982-08-01,4.057727272727273,0.7313636363636363,2.0828571428571427,0.149047619047619,0.9085,-0.1545,0.1461111111111111,-0.3977777777777778,,-1.3476190476190475,9.8,0.40000000000000036,2.4000000000000004,2.3666666666666654,0.05794142848618896,0.0020491810449356452,-0.07352023687716643,-0.0091708008352874,10.12,-2.4700000000000006,-7.700000000000001,3.26,2.8500000000000014,3.0200000000000014,2.75,1.4000000000000004,0.1097304995374741,0.06597322396929764,-0.027075518874763504,-0.1495160937761798,0.08531799651960492,0.007452369464796529,1.0,1.0,1.0,1.0
1982-09-01,4.146190476190476,0.5557142857142857,4.057727272727273,0.7313636363636363,1.220909090909091,-0.1659090909090909,0.5465217391304348,-0.3330434782608695,,-1.1338095238095238,10.1,0.5,2.5,2.499999999999999,0.048227374765715834,0.0,-0.07116139390635484,-0.0024687251904383285,10.31,0.19000000000000128,-5.559999999999999,3.290000000000001,3.26,2.620000000000001,2.960000000000001,1.6000000000000014,0.007585549077032942,0.0940570000347071,0.03584490163959613,-0.1430401757214777,0.0855644534045751,0.007128229772533951,1.0,1.0,1.0,1.0
1982-10-01,2.939,0.719,4.146190476190476,0.5557142857142857,2.0828571428571427,0.149047619047619,0.5271428571428571,-0.3304761904761905,,-0.3947619047619047,10.4,0.5999999999999996,2.5,2.466666666666667,0.0490960213365204,0.004085807522580354,-0.07297183840978344,-0.009727582766044185,9.71,-0.5999999999999996,-5.369999999999999,3.8200000000000003,3.290000000000001,2.8500000000000014,2.910000000000002,1.959999999999999,0.10476245384996546,0.22207850246447253,0.09262907702034924,-0.0483917082622127,0.08240773494737433,0.00606208771502897,1.0,1.0,1.0,1.0
1982-11-01,2.2042105263157894,0.7547368421052632,2.939,0.719,4.057727272727273,0.7313636363636363,0.9085,-0.1545,,0.5111111111111111,10.8,1.0,2.5,2.5,0.043802622658393055,-0.0010198879007454116,-0.06453455564528505,-0.0032538001112216997,9.2,-0.5100000000000016,-4.110000000000001,3.75,3.8200000000000003,3.26,3.0200000000000014,3.0,0.03533882917725764,0.14768683210425604,0.09203107810035618,-0.01416172383047716,0.0815967095402707,0.007459937616944962,0.0,0.0,0.0,1.0
1982-12-01,2.3372727272727274,0.8777272727272727,2.2042105263157894,0.7547368421052632,4.146190476190476,0.5557142857142857,1.220909090909091,-0.1659090909090909,,0.4340909090909091,10.8,0.7000000000000011,2.3000000000000007,2.433333333333332,0.03754351245740315,-0.003065919621834789,-0.06094369405179607,-0.007099566599407308,8.95,-0.25,-3.42,3.6000000000000014,3.75,3.290000000000001,2.620000000000001,2.83,0.015116529739096555,0.15521781276631985,0.13768429472078622,0.0,0.08220062133211037,0.011716410152423869,0.0,0.0,0.0,0.0
1983-01-01,2.34,1.1295238095238094,2.3372727272727274,0.8777272727272727,2.939,0.719,2.0828571428571427,0.149047619047619,1.6760000000000002,0.026,10.4,0.0,1.8000000000000007,2.1999999999999993,0.03640547638500976,0.0020449904877276478,-0.021617957673027436,0.018463803198766428,8.68,-0.2699999999999996,-4.540000000000001,3.4799999999999986,3.6000000000000014,3.8200000000000003,2.8500000000000014,2.5100000000000016,0.032597161982335886,0.08305252089869003,0.18798104603125446,0.0,0.10143279417370195,0.027683965969944668,0.0,0.0,0.0,0.0
1983-02-01,2.3305263157894736,1.088421052631579,2.34,1.1295238095238094,2.2042105263157894,0.7547368421052632,4.057727272727273,0.7313636363636363,0.1461111111111111,-0.3977777777777778,10.4,-0.40000000000000036,1.5,1.8666666666666671,0.034253478478539386,0.001020929134107143,-0.0480711605673457,-0.0062949423731928035,8.51,-0.16999999999999993,-6.27,3.2299999999999986,3.4799999999999986,3.75,3.26,2.75,0.01881698894626096,0.06653068066769356,0.26925677858627073,0.0,0.11802720608855737,0.018907595264566507,0.0,0.0,0.0,0.0
1983-03-01,1.8469565217391304,0.8504347826086956,2.3305263157894736,1.088421052631579,2.3372727272727274,0.8777272727272727,4.146190476190476,0.5557142857142857,0.5465217391304348,-0.3330434782608695,10.3,-0.5,1.3000000000000007,1.5333333333333332,0.03527336637928478,0.0010198879007453808,-0.033000212733612276,0.008404652203842247,8.77,0.2599999999999998,-5.91,3.0999999999999996,3.2299999999999986,3.6000000000000014,3.290000000000001,2.960000000000001,0.03255891267040157,0.08397306359899843,0.3120348367260693,0.0,0.12046004757493606,0.009172546863291931,0.0,0.0,0.0,0.0
1983-04-01,1.8865,0.8320000000000001,1.8469565217391304,0.8504347826086956,2.34,1.1295238095238094,2.939,0.719,0.5271428571428571,-0.3304761904761905,10.2,-0.20000000000000107,0.8999999999999986,1.2333333333333343,0.03922071315328133,0.007110238182504812,-0.011144910610356185,0.012580060260646054,8.8,0.030000000000001137,-6.139999999999999,2.889999999999999,3.0999999999999996,3.4799999999999986,3.8200000000000003,2.910000000000002,0.07230840998700278,0.12368431160366536,0.3451087633385556,0.0,0.1173949122282626,0.0066274539034948,0.0,0.0,0.0,0.0
1983-05-01,1.8842857142857143,0.8909523809523809,1.8865,0.8320000000000001,2.3305263157894736,1.088421052631579,2.2042105263157894,0.7547368421052632,0.9085,-0.1545,10.1,-0.3000000000000007,0.6999999999999993,0.9666666666666668,0.03383203240143464,0.004040409537005127,0.001549622026117571,0.006015117514898199,8.63,-0.16999999999999993,-5.8199999999999985,2.709999999999999,2.889999999999999,3.2299999999999986,3.75,3.0200000000000014,-0.012484057464610754,0.09238326519279358,0.37257400193404056,-0.01240645488658032,0.11816243315323934,0.007122362303870905,0.0,0.0,0.0,0.0
1983-06-01,1.7090909090909092,0.6668181818181819,1.8842857142857143,0.8909523809523809,1.8469565217391304,0.8504347826086956,2.3372727272727274,0.8777272727272727,1.220909090909091,-0.1659090909090909,10.1,-0.20000000000000107,0.5,0.6999999999999993,0.02444113515914566,0.0020140993717011856,0.01026359368436286,0.006107409825390193,8.98,0.34999999999999964,-5.17,2.5199999999999996,2.709999999999999,3.0999999999999996,3.6000000000000014,2.620000000000001,0.031817973697581554,0.09164232621997359,0.4248902026199989,0.0,0.11741787224169951,0.005077392150847142,0.0,0.0,0.0,0.0
1983-07-01,1.9275,0.692,1.7090909090909092,0.6668181818181819,1.8865,0.8320000000000001,2.34,1.1295238095238094,2.0828571428571427,0.149047619047619,9.4,-0.7999999999999989,-0.40000000000000036,0.2666666666666675,0.023315805313616846,0.004016069654889744,0.02833903721658879,0.014783412088637187,9.37,0.3899999999999988,-3.2200000000000006,2.01,2.5199999999999996,2.889999999999999,3.4799999999999986,2.8500000000000014,-0.030771670044400175,-0.01143775381142927,0.4173775811553986,-0.030303041335899523,0.1198980661855351,0.005487715007790825,0.0,0.0,0.0,0.0
1983-08-01,2.1069565217391304,0.7756521739130434,1.9275,0.692,1.8842857142857143,0.8909523809523809,2.3305263157894736,1.088421052631579,4.057727272727273,0.7313636363636363,9.5,-0.5999999999999996,-0.3000000000000007,-0.06666666666666643,0.024268127272437694,0.003001503003756558,0.049268826335687764,0.011758988283811606,9.56,0.19000000000000128,-0.5599999999999987,1.790000000000001,2.01,2.709999999999999,3.2299999999999986,3.26,0.01125529612444758,0.012301599777629164,0.31890237774237207,-0.01932716240133874,0.11689143710580709,0.004445740385068452,0.0,0.0,0.0,0.0
1983-09-01,2.2923809523809524,0.8638095238095238,2.1069565217391304,0.7756521739130434,1.7090909090909092,0.6668181818181819,1.8469565217391304,0.8504347826086956,4.146190476190476,0.5557142857142857,9.2,-0.9000000000000004,-0.9000000000000004,-0.29999999999999893,0.027260648208891732,0.0029925209364539294,0.06617754646455559,0.01443999493842952,9.45,-0.11000000000000121,-0.8600000000000012,1.9000000000000004,1.790000000000001,2.5199999999999996,3.0999999999999996,3.290000000000001,0.010106984825791216,-0.009409389094161186,0.32142381349113053,-0.009365259312489788,0.11418927055805055,0.004426063224777386,0.0,0.0,0.0,0.0
1983-10-01,2.553,0.97,2.2923809523809524,0.8638095238095238,1.9275,0.692,1.8865,0.8320000000000001,2.939,0.719,8.8,-0.5999999999999996,-1.5999999999999996,-0.20000000000000107,0.027150989065950898,0.003976148379639417,0.08352191121480033,0.007616781984200628,9.48,0.030000000000001137,-0.23000000000000043,1.9200000000000017,1.9000000000000004,2.01,2.889999999999999,3.8200000000000003,-0.015290657677990822,0.0060716232722480635,0.2013707019631742,-0.02439749673575325,0.11577832957854124,0.0076511467355197295,0.0,0.0,0.0,0.0
1983-11-01,2.5789473684210527,1.0257894736842106,2.553,0.97,2.1069565217391304,0.7756521739130434,1.8842857142857143,0.8909523809523809,2.2042105263157894,0.7547368421052632,8.5,-1.0,-2.3000000000000007,-0.33333333333333215,0.031142647355853856,0.00297177038915748,0.09122581279910182,0.004450101473079881,9.34,-0.14000000000000057,0.14000000000000057,1.92,1.9200000000000017,1.790000000000001,2.709999999999999,3.75,0.01727571906345429,0.012092046211254724,0.18330759184937087,-0.007396835466945434,0.11453947340502388,0.006221081443427405,0.0,0.0,0.0,0.0
1983-12-01,2.4719047619047623,0.9928571428571428,2.5789473684210527,1.0257894736842106,2.2923809523809524,0.8638095238095238,1.7090909090909092,0.6668181818181819,2.3372727272727274,0.8777272727272727,8.3,-0.8999999999999986,-2.5,-0.3000000000000007,0.03717153210834573,0.00296296513065727,0.10333411807462455,0.005008738676115275,9.47,0.13000000000000078,0.5200000000000014,1.92,1.92,1.9000000000000004,2.5199999999999996,3.6000000000000014,-0.008873394655310543,-0.00688833326984718,0.15931766745496365,-0.0161656330454182,0.10811133281272861,0.00528826956012856,0.0,0.0,0.0,0.0
1984-01-01,2.4104761904761904,1.031904761904762,2.4719047619047623,0.9928571428571428,2.553,0.97,1.9275,0.692,2.34,1.1295238095238094,8.0,-0.8000000000000007,-2.4000000000000004,-0.2666666666666657,0.042006175634155006,0.006879634013537007,0.10463361980045076,0.019763304924592894,9.56,0.08999999999999986,0.8800000000000008,1.9800000000000004,1.92,1.9200000000000017,2.01,3.4799999999999986,-0.009258694577764424,-0.0008563701696207852,0.11746181089486336,-0.02523261598031394,0.08732604966885747,0.006898682826073601,0.0,0.0,0.0,0.0
1984-02-01,2.3826315789473687,1.056842105263158,2.4104761904761904,1.031904761904762,2.5789473684210527,1.0257894736842106,2.1069565217391304,0.7756521739130434,2.3305263157894736,1.088421052631579,7.8,-0.7000000000000002,-2.6000000000000005,-0.23333333333333428,0.04587045406609714,0.004885207566049341,0.11531265906474798,0.004384096891104496,9.59,0.02999999999999936,1.08,1.75,1.9800000000000004,1.92,1.790000000000001,3.2299999999999986,-0.03963452007194035,-0.057766609305015384,0.05901030187666197,-0.06311144040548111,0.07772864175452468,0.00931018735023365,0.0,0.0,0.0,0.0
1984-03-01,2.4295454545454547,1.0045454545454546,2.3826315789473687,1.056842105263158,2.4719047619047623,0.9928571428571428,2.2923809523809524,0.8638095238095238,1.8469565217391304,0.8504347826086956,7.8,-0.5000000000000009,-2.500000000000001,-0.16666666666666607,0.047770276268686594,0.002919710103334846,0.11179182732471023,0.0048838204638045205,9.91,0.3200000000000003,1.1400000000000006,1.67,1.75,1.92,1.9000000000000004,3.0999999999999996,0.013407708963211997,-0.035485505686492995,0.039859098169472286,-0.050465322981798955,0.07640216827986045,0.007846073388627616,0.0,0.0,0.0,0.0
1984-04-01,2.5605,0.9475,2.4295454545454547,1.0045454545454546,2.4104761904761904,1.031904761904762,2.553,0.97,1.8865,0.8320000000000001,7.7,-0.2999999999999998,-2.499999999999999,-0.10000000000000053,0.044539771371770745,0.0038797332855888492,0.10511115991140871,0.005899392847344578,10.29,0.379999999999999,1.4899999999999984,1.6799999999999997,1.67,1.9800000000000004,1.9200000000000017,2.889999999999999,0.005450694117877048,-0.020776116990851547,-0.02699861769965348,-0.045275568870941536,0.07733159844577787,0.007556884069412442,0.0,0.0,0.0,0.0
1984-05-01,3.185454545454545,0.9386363636363636,2.5605,0.9475,2.3826315789473687,1.056842105263158,2.5789473684210527,1.0257894736842106,1.8842857142857143,0.8909523809523809,7.4,-0.39999999999999947,-2.6999999999999993,-0.13333333333333375,0.04243359841459654,0.0019342365798309684,0.10450893070769185,0.005412888311181351,10.32,0.030000000000001137,1.6899999999999995,1.33,1.6799999999999997,1.75,1.92,2.709999999999999,-0.06119101028493086,-0.04233260720384196,-0.07570557051997368,-0.10194462180930973,0.07585100004857522,0.005641763906668094,0.0,0.0,0.0,0.0
1984-06-01,3.302380952380952,0.6561904761904762,3.185454545454545,0.9386363636363636,2.4295454545454547,1.0045454545454546,2.4719047619047623,0.9928571428571428,1.7090909090909092,0.6668181818181819,7.2,-0.5999999999999996,-2.8999999999999995,-0.1999999999999993,0.0423500015729533,0.001930502530057845,0.10206253193241077,0.0036610110501090914,11.06,0.7400000000000002,2.08,1.4900000000000002,1.33,1.67,1.92,2.5199999999999996,0.017318377468519216,-0.03842193869853482,-0.09020516674903606,-0.08625630378497887,0.0757518947904023,0.004978286892674055,0.0,0.0,0.0,0.0
1984-07-01,2.8314285714285714,0.4847619047619047,3.302380952380952,0.6561904761904762,2.5605,0.9475,2.4104761904761904,1.031904761904762,1.9275,0.692,7.5,-0.20000000000000018,-1.9000000000000004,-0.06666666666666643,0.0421837923035049,0.003849860385441494,0.09004543934893751,0.002766319505163814,11.23,0.16999999999999993,1.8600000000000012,1.790000000000001,1.4900000000000002,1.6799999999999997,1.9800000000000004,2.01,-0.016587985962328328,-0.060460618778740004,-0.07602148266696429,-0.10128845018707126,0.07404916154634687,0.0037849817637356092,0.0,0.0,0.0,0.0
1984-08-01,1.8156521739130436,0.2817391304347826,2.8314285714285714,0.4847619047619047,3.185454545454545,0.9386363636363636,2.3826315789473687,1.056842105263158,2.1069565217391304,0.7756521739130434,7.5,0.09999999999999964,-2.0,0.03333333333333233,0.042059989127363646,0.0028776998276151956,0.079316128584912,0.0010296775197862775,11.64,0.41000000000000014,2.08,1.9100000000000001,1.790000000000001,1.33,1.75,1.790000000000001,0.10105009590779498,0.10178048741398592,0.013773317116383172,-0.0057265969778240566,0.07270183177673206,0.003098410615453624,0.0,0.0,0.0,0.0
1984-09-01,1.726842105263158,0.3178947368421053,1.8156521739130436,0.2817391304347826,3.302380952380952,0.6561904761904762,2.4295454545454547,1.0045454545454546,2.2923809523809524,0.8638095238095238,7.3,0.09999999999999964,-1.8999999999999995,0.06666666666666643,0.041936910618862316,0.002869442427952739,0.06191065261811632,-0.002965481028366117,11.3,-0.33999999999999986,1.8500000000000014,1.83,1.9100000000000001,1.4900000000000002,1.67,1.9000000000000004,-0.0034857092471758597,0.0809764006982909,0.0001806230434159853,-0.009186311690167575,0.07453305186256698,0.006257283310612244,0.0,0.0,0.0,0.0
1984-10-01,2.0359090909090907,0.5604545454545454,1.726842105263158,0.3178947368421053,2.8314285714285714,0.4847619047619047,2.5605,0.9475,2.553,0.97,7.4,-0.09999999999999964,-1.4000000000000004,0.03333333333333233,0.041773922245637266,0.00381316000641419,0.05418366484285741,-0.00011020579105836636,9.99,-1.3100000000000005,0.5099999999999998,1.7799999999999994,1.83,1.790000000000001,1.6799999999999997,1.9200000000000017,-6.026530331720448e-05,0.09750412135730212,0.015411015418089697,-0.009246021578389026,0.07332164936345963,0.00643974423641261,0.0,0.0,0.0,0.0
1984-11-01,2.647894736842105,0.9236842105263158,2.0359090909090907,0.5604545454545454,1.8156521739130436,0.2817391304347826,3.185454545454545,0.9386363636363636,2.5789473684210527,1.0257894736842106,7.2,-0.2999999999999998,-1.2999999999999998,-0.06666666666666732,0.04070329311350419,0.0019011412570243728,0.05309671095141468,0.003363147581637094,9.43,-0.5600000000000005,0.08999999999999986,1.9100000000000001,1.7799999999999994,1.9100000000000001,1.33,1.92,-0.015227609561499347,-0.018773584111992377,-0.01709231320686397,-0.024218549113431038,0.07701188840060018,0.009911320480568158,0.0,0.0,0.0,0.0
1984-12-01,3.162,1.318,2.647894736842105,0.9236842105263158,1.726842105263158,0.3178947368421053,3.302380952380952,0.6561904761904762,2.4719047619047623,0.9928571428571428,7.3,0.0,-1.0000000000000009,0.0,0.03963786175903827,0.0018975337761914111,0.04841012307394425,0.0003221507986448216,8.38,-1.049999999999999,-1.0899999999999999,1.9000000000000004,1.9100000000000001,1.83,1.4900000000000002,1.92,0.022127760833895713,0.006839885969079059,0.013908842282342286,-0.002386028978410233,0.08262219657086654,0.010898577730394883,0.0,0.0,0.0,0.0
1985-01-01,3.3642857142857148,1.4533333333333334,3.162,1.318,2.0359090909090907,0.5604545454545454,2.8314285714285714,0.4847619047619047,2.4104761904761904,1.031904761904762,7.3,-0.10000000000000053,-0.7000000000000002,-0.033333333333333215,0.03465216770557224,0.0018939399600707832,0.0284747732488687,-0.00017204490048278946,8.35,-0.030000000000001137,-1.2100000000000009,1.879999999999999,1.9000000000000004,1.7799999999999994,1.790000000000001,1.9800000000000004,0.07146926762899757,0.07836941890139386,0.0946368044891042,0.0,0.08693342676860147,0.011209913023808572,0.0,0.0,0.0,0.0
1985-02-01,2.9516666666666667,1.3433333333333333,3.3642857142857148,1.4533333333333334,2.647894736842105,0.9236842105263158,1.8156521739130436,0.2817391304347826,2.3826315789473687,1.056842105263158,7.2,0.0,-0.5999999999999996,0.0,0.03542735261123322,0.005660392471710134,0.026838023734993277,0.0027473473772291397,8.5,0.15000000000000036,-1.0899999999999999,1.7200000000000006,1.879999999999999,1.9100000000000001,1.9100000000000001,1.75,0.008591764852690417,0.10218879331558348,0.14286308941373507,0.0,0.08688394787190411,0.009260708453536229,0.0,0.0,0.0,0.0
1985-03-01,3.0252380952380955,1.1423809523809525,2.9516666666666667,1.3433333333333333,3.162,1.318,1.726842105263158,0.3178947368421053,2.4295454545454547,1.0045454545454546,7.2,-0.09999999999999964,-0.5999999999999996,-0.033333333333333215,0.03720028368609049,0.004692641178192225,0.023464493778408115,0.001510290507219275,8.58,0.08000000000000007,-1.33,1.83,1.7200000000000006,1.9000000000000004,1.83,1.67,-0.002874139823622527,0.07718689265806533,0.1265812406269005,-0.002870013437976099,0.08416467850130153,0.0051268040180250714,0.0,0.0,0.0,0.0
1985-04-01,3.212857142857142,1.345714285714286,3.0252380952380955,1.1423809523809525,3.3642857142857148,1.4533333333333334,2.0359090909090907,0.5604545454545454,2.5605,0.9475,7.3,0.0,-0.40000000000000036,0.0,0.035191458336313326,0.001870907935811824,0.01538649058419925,-0.002178610346864349,8.27,-0.3100000000000005,-2.0199999999999996,2.08,1.83,1.879999999999999,1.7799999999999994,1.6799999999999997,-0.004604861633175211,0.0011127633958926428,0.11652568487584845,-0.0074511033187993885,0.08048834595246676,0.003880551520577661,0.0,0.0,0.0,0.0
1985-05-01,3.113636363636364,1.4527272727272729,3.212857142857142,1.345714285714286,2.9516666666666667,1.3433333333333333,2.647894736842105,0.9236842105263158,3.185454545454545,0.9386363636363636,7.2,0.0,-0.20000000000000018,8.881784197001252e-16,0.03512463593127796,0.0018674141747954624,0.011426536414647519,0.0014529341416296174,7.97,-0.2999999999999998,-2.3500000000000005,2.3000000000000007,2.08,1.7200000000000006,1.9100000000000001,1.33,0.05264088770311066,0.04516188624631292,0.23035758286388985,0.0,0.08076487672387153,0.005918294678072906,0.0,0.0,0.0,0.0
1985-06-01,2.976,1.468,3.113636363636364,1.4527272727272729,3.0252380952380955,1.1423809523809525,3.162,1.318,3.302380952380952,0.6561904761904762,7.4,0.20000000000000018,0.20000000000000018,0.06666666666666643,0.03598873233223582,0.002794598931015925,0.007280231934936259,-0.0004852934296021938,7.53,-0.4399999999999995,-3.5300000000000002,2.24,2.3000000000000007,1.83,1.9000000000000004,1.4900000000000002,0.012060990444600827,0.06009701651453618,0.22510019583997137,0.0,0.08540745494426792,0.009620865113070443,0.0,0.0,0.0,0.0
1985-07-01,2.9904545454545457,1.5336363636363637,2.976,1.468,3.212857142857142,1.345714285714286,3.3642857142857148,1.4533333333333334,2.8314285714285714,0.4847619047619047,7.4,0.10000000000000053,-0.09999999999999964,0.09999999999999964,0.03399760854141984,0.001858736594625342,-0.00022916500622335113,-0.00474307743599591,7.88,0.34999999999999964,-3.3500000000000005,2.119999999999999,2.24,2.08,1.879999999999999,1.790000000000001,-0.004859365959954318,0.05984251218775696,0.23682881584234533,-0.004847578342366506,0.08860294389520662,0.006980470714674405,0.0,0.0,0.0,0.0
1985-08-01,2.9613636363636364,1.3881818181818182,2.9904545454545457,1.5336363636363637,3.113636363636364,1.4527272727272729,2.9516666666666667,1.3433333333333333,1.8156521739130436,0.2817391304347826,7.1,-0.10000000000000053,-0.40000000000000036,0.06666666666666643,0.032975196815550584,0.0018552881017461409,0.0017783669695312589,0.003037209495540788,7.9,0.020000000000000462,-3.74,2.17,2.119999999999999,2.3000000000000007,1.7200000000000006,1.9100000000000001,-0.012067032303709707,-0.004865407819063252,0.12371168763084064,-0.016783951619817494,0.09145509972528114,0.0059505664455283555,0.0,0.0,0.0,0.0
1985-09-01,3.04,1.39,2.9613636363636364,1.3881818181818182,2.976,1.468,3.0252380952380955,1.1423809523809525,1.726842105263158,0.3178947368421053,7.1,-0.3000000000000007,-0.20000000000000018,-0.033333333333333215,0.031957606768671286,0.0018518523810735048,0.008121708633418566,0.003377860635521278,7.92,0.019999999999999574,-3.380000000000001,2.110000000000001,2.17,2.24,1.83,1.83,-0.03534128924900956,-0.0522676875126736,0.09185610762900699,-0.050925222630378,0.09025863857842728,0.005060822163758149,0.0,0.0,0.0,0.0
1985-10-01,2.835909090909091,1.3722727272727273,3.04,1.39,2.9904545454545457,1.5336363636363637,3.212857142857142,1.345714285714286,2.0359090909090907,0.5604545454545454,7.1,-0.3000000000000007,-0.3000000000000007,-0.10000000000000053,0.031837895097608745,0.00369344833535173,0.005117246796851997,-0.0031146676276250468,7.99,0.07000000000000028,-2.0,2.119999999999999,2.110000000000001,2.119999999999999,2.08,1.7799999999999994,0.04163013229313361,-0.005778189259585518,0.13354650522545775,-0.010581176516624815,0.08853013691204903,0.004711242570034232,0.0,0.0,0.0,0.0
1985-11-01,2.305263157894737,1.2005263157894737,2.835909090909091,1.3722727272727273,2.9613636363636364,1.3881818181818182,3.113636363636364,1.4527272727272729,2.647894736842105,0.9236842105263158,7.0,-0.09999999999999964,-0.20000000000000018,-0.033333333333333215,0.034534463089214,0.004597709248629549,0.0052658416092203645,0.0035117423940052473,8.05,0.0600000000000005,-1.379999999999999,2.210000000000001,2.119999999999999,2.17,2.3000000000000007,1.9100000000000001,0.06303262528181103,0.06932146832593508,0.2118067400687682,0.0,0.08258178008784092,0.003962963656360096,0.0,0.0,0.0,0.0
1985-12-01,1.929047619047619,1.1123809523809522,2.305263157894737,1.2005263157894737,3.04,1.39,2.976,1.468,3.162,1.318,7.0,-0.09999999999999964,-0.2999999999999998,-0.03333333333333233,0.03721359634043427,0.0045766670274118935,0.014527502258367747,0.009583811447792263,8.27,0.21999999999999886,-0.11000000000000121,2.3200000000000003,2.210000000000001,2.110000000000001,2.24,1.9000000000000004,0.044075343641990596,0.14873810121693518,0.23375432287686299,0.0,0.07743786118894298,0.005754658831497051,0.0,0.0,0.0,0.0
1986-01-01,1.8919047619047615,1.0514285714285716,1.929047619047619,1.1123809523809522,2.835909090909091,1.3722727272727273,2.9904545454545457,1.5336363636363637,3.3642857142857148,1.4533333333333334,6.7,-0.39999999999999947,-0.5999999999999996,-0.13333333333333464,0.03896596853338371,0.0036463121530203,0.020219876531786207,0.005520329372935858,8.14,-0.129999999999999,-0.20999999999999908,2.25,2.3200000000000003,2.119999999999999,2.119999999999999,1.879999999999999,0.002363732027072386,0.10947170095087382,0.1646487872749379,0.0,0.0702325989057347,0.004004650740600204,0.0,0.0,0.0,0.0
1986-02-01,1.4136842105263157,0.7368421052631579,1.8919047619047615,1.0514285714285716,2.305263157894737,1.2005263157894737,2.9613636363636364,1.3881818181818182,2.9516666666666667,1.3433333333333333,7.2,0.20000000000000018,0.0,0.06666666666666643,0.03148408193328239,-0.001821494128391132,0.010428706283099658,-0.007043822871457365,7.86,-0.28000000000000025,-0.6399999999999997,2.41,2.25,2.210000000000001,2.17,1.7200000000000006,0.06904953015090917,0.11548860581997204,0.22510655257315673,0.0,0.06527897587428486,0.004307085422086351,0.0,0.0,0.0,0.0
1986-03-01,1.0145,0.564,1.4136842105263157,0.7368421052631579,1.929047619047619,1.1123809523809522,3.04,1.39,3.0252380952380955,1.1423809523809525,7.2,0.20000000000000018,0.0,0.13333333333333464,0.02130696631293056,-0.005484474442159452,0.001770044112287764,-0.007148371663592743,7.48,-0.3799999999999999,-1.0999999999999996,2.7199999999999998,2.41,2.3200000000000003,2.110000000000001,1.83,0.05144750439414929,0.12286076657213071,0.2794281967909284,0.0,0.06815855628164229,0.008006384425382606,0.0,0.0,0.0,0.0
1986-04-01,1.0636363636363635,0.604090909090909,1.0145,0.564,1.8919047619047615,1.0514285714285716,2.835909090909091,1.3722727272727273,3.212857142857142,1.345714285714286,7.1,0.39999999999999947,-0.20000000000000018,0.2666666666666675,0.015762959665257554,-0.0036730987118613503,0.0053813324844297645,0.0014326780252777482,6.99,-0.4900000000000002,-1.2799999999999994,2.8899999999999997,2.7199999999999998,2.25,2.119999999999999,2.08,-0.014249175102296466,0.10624785944276197,0.2697838833218072,-0.014148136083620191,0.07398166965907982,0.009703664898015048,0.0,0.0,0.0,0.0
1986-05-01,1.3747619047619049,0.6423809523809524,1.0636363636363635,0.604090909090909,1.4136842105263157,0.7368421052631579,2.305263157894737,1.2005263157894737,3.113636363636364,1.4527272727272729,7.2,0.0,0.0,0.2666666666666675,0.01665163359244216,0.0027560881019799838,0.005404381214857092,0.0014759828720571108,6.85,-0.14000000000000057,-1.12,2.579999999999999,2.8899999999999997,2.41,2.210000000000001,2.3000000000000007,0.049008508668286016,0.08620683796013881,0.2661515042869827,0.0,0.07856399649207572,0.010500621511068889,0.0,0.0,0.0,0.0
1986-06-01,1.4028571428571428,0.6147619047619047,1.3747619047619049,0.6423809523809524,1.0145,0.564,1.929047619047619,1.1123809523809522,2.976,1.468,7.2,0.0,-0.20000000000000018,0.2666666666666675,0.017520042420163313,0.0036630077587372417,0.0018523351823320818,-0.004037339462127242,6.92,0.07000000000000028,-0.6100000000000003,2.54,2.579999999999999,2.7199999999999998,2.3200000000000003,2.24,0.014010908726095242,0.048770242292084764,0.26810142256847724,0.0,0.07672767105618407,0.0077845396771787,0.0,0.0,0.0,0.0
1986-07-01,1.3036363636363637,0.6368181818181818,1.4028571428571428,0.6147619047619047,1.0636363636363635,0.604090909090909,1.8919047619047615,1.0514285714285716,2.9904545454545457,1.5336363636363637,7.0,-0.09999999999999964,-0.40000000000000036,0.2333333333333334,0.0165749650942126,0.0009136592686745454,0.013107799048935102,0.006512386430606951,6.56,-0.3600000000000003,-1.3200000000000003,2.8600000000000003,2.54,2.8899999999999997,2.25,2.119999999999999,-0.06047514138231668,0.002544276012064627,0.21248564714611484,-0.05868283142882355,0.07800475930510191,0.008257558963592178,0.0,0.0,0.0,0.0
1986-08-01,1.4804761904761905,0.8395238095238095,1.3036363636363637,0.6368181818181818,1.3747619047619049,0.6423809523809524,1.4136842105263157,0.7368421052631579,2.9613636363636364,1.3881818181818182,6.9,-0.2999999999999998,-0.1999999999999993,0.13333333333333464,0.015632502249826107,0.0009128252573596817,0.008213972355266953,-0.0018566171981273599,6.17,-0.3899999999999997,-1.7300000000000004,3.01,2.8600000000000003,2.579999999999999,2.41,2.17,0.06877261195208043,0.022308379295859,0.2933252914019051,0.0,0.07960197100655636,0.00754777814698283,0.0,0.0,0.0,0.0
1986-09-01,2.095238095238096,1.1014285714285714,1.4804761904761905,0.8395238095238095,1.4028571428571428,0.6147619047619047,1.0145,0.564,3.04,1.39,7.0,-0.20000000000000018,-0.09999999999999964,0.0666666666666682,0.017423641147253692,0.00364299127850123,0.00738558609490811,0.0025494743751626305,5.89,-0.28000000000000025,-2.0300000000000002,2.749999999999999,3.01,2.54,2.7199999999999998,2.110000000000001,-0.08931067669247049,-0.08101320612270654,0.23935590395844422,-0.08543860347658846,0.08255729925169951,0.0080161504089016,0.0,0.0,0.0,0.0
1986-10-01,2.103181818181818,1.1472727272727272,2.095238095238096,1.1014285714285714,1.3036363636363637,0.6368181818181818,1.0636363636363635,0.604090909090909,2.835909090909091,1.3722727272727273,7.0,0.0,-0.09999999999999964,0.0666666666666682,0.015546723738299958,0.001816530926398007,0.014753594274121146,0.004253340551587915,5.85,-0.040000000000000036,-2.1400000000000006,2.8100000000000005,2.749999999999999,2.8600000000000003,2.8899999999999997,2.119999999999999,0.05328417225634016,0.032746107515950106,0.2510099439216507,-0.03538527342510457,0.085166077416031,0.007320020734365741,0.0,0.0,0.0,0.0
1986-11-01,1.7505555555555556,0.9738888888888888,2.103181818181818,1.1472727272727272,1.4804761904761905,0.8395238095238095,1.3747619047619049,0.6423809523809524,2.305263157894737,1.2005263157894737,6.9,0.0,-0.09999999999999964,0.06666666666666643,0.012762251613851291,0.0018132371241809436,0.015240459045071444,0.003998607164955565,6.04,0.1900000000000004,-2.0100000000000007,2.8200000000000003,2.8100000000000005,3.01,2.579999999999999,2.210000000000001,0.021249808203745914,-0.014776696232384364,0.20922712684358566,-0.014668056626379553,0.08636206891724799,0.005158955157576963,0.0,0.0,0.0,0.0
1986-12-01,1.43,0.8409090909090909,1.7505555555555556,0.9738888888888888,2.095238095238096,1.1014285714285714,1.4028571428571428,0.6147619047619047,1.929047619047619,1.1123809523809522,6.6,-0.40000000000000036,-0.40000000000000036,-0.06666666666666643,0.011802225056627912,0.003616640470188515,0.015096186736803298,0.009439539139524314,6.91,0.8700000000000001,-1.3599999999999994,2.8600000000000003,2.8200000000000003,2.749999999999999,2.54,2.3200000000000003,-0.028696094101435976,0.04583788635865004,0.13645568910015907,-0.04254139413441827,0.09044301145021728,0.009835601364466167,0.0,0.0,0.0,0.0
1987-01-01,1.5065,0.8584999999999999,1.43,0.8409090909090909,2.103181818181818,1.1472727272727272,1.3036363636363637,0.6368181818181818,1.8919047619047615,1.0514285714285716,6.6,-0.40000000000000036,-0.10000000000000053,-0.13333333333333375,0.013556466083608028,0.005400553180000289,0.006082122681462342,-0.0034937346824051793,6.43,-0.4800000000000004,-1.7100000000000009,2.6400000000000006,2.8600000000000003,2.8100000000000005,2.8600000000000003,2.25,0.12378003427240289,0.11633374837471287,0.2578719913454897,0.0,0.09224988677928453,0.00581152606966743,0.0,0.0,0.0,0.0
1987-02-01,1.4994736842105263,0.8526315789473684,1.5065,0.8584999999999999,1.7505555555555556,0.9738888888888888,1.4804761904761905,0.8395238095238095,1.4136842105263157,0.7368421052631579,6.6,-0.3000000000000007,-0.6000000000000005,-0.09999999999999964,0.018962193439814253,0.0035842332278151067,0.026220857320979993,0.013094911768060108,6.1,-0.33000000000000007,-1.7600000000000007,2.4000000000000004,2.6400000000000006,2.8200000000000003,3.01,2.41,0.03625827303147264,0.1313422132024396,0.22508073422605318,0.0,0.08925394260195438,0.0013111412447563689,0.0,0.0,0.0,0.0
1987-03-01,1.482727272727273,0.8240909090909091,1.4994736842105263,0.8526315789473684,1.43,0.8409090909090909,2.095238095238096,1.1014285714285714,1.0145,0.564,6.6,0.0,-0.6000000000000005,0.0,0.02801810024957078,0.0035714323675971795,0.034816423781071255,0.0014471947964986086,6.13,0.03000000000000025,-1.3500000000000005,2.3599999999999994,2.4000000000000004,2.8600000000000003,2.749999999999999,2.7199999999999998,0.02604766010631508,0.18608596741019084,0.19968088993821909,0.0,0.08350161279195022,0.0022540546153785603,0.0,0.0,0.0,0.0
1987-04-01,2.2071428571428573,0.9985714285714286,1.482727272727273,0.8240909090909091,1.5065,0.8584999999999999,2.103181818181818,1.1472727272727272,1.0636363636363635,0.604090909090909,6.3,-0.2999999999999998,-0.7999999999999998,-0.09999999999999964,0.03613762691856683,0.00444642795713462,0.0396948599869297,0.006311114231136002,6.37,0.2400000000000002,-0.6200000000000001,2.0199999999999996,2.3599999999999994,2.6400000000000006,2.8100000000000005,2.8899999999999997,-0.011516269984325578,0.05078966315346223,0.20241379505619014,-0.011450211572491119,0.07886913636175068,0.0050711884678155015,0.0,0.0,0.0,0.0
1987-05-01,2.7665,0.8515,2.2071428571428573,0.9985714285714286,1.4994736842105263,0.8526315789473684,1.7505555555555556,0.9738888888888888,1.3747619047619049,0.6423809523809524,6.3,-0.2999999999999998,-0.9000000000000004,-0.10000000000000053,0.03603993648319687,0.0026583976666098774,0.04452164387754168,0.006302766762669093,6.85,0.47999999999999954,0.0,1.9000000000000004,2.0199999999999996,2.4000000000000004,2.8200000000000003,2.579999999999999,0.006016063429463584,0.02054745355145313,0.15942134981736755,-0.005485108112988478,0.07024556842855302,0.0018770535778713062,0.0,0.0,0.0,0.0
1987-06-01,2.5477272727272724,0.8290909090909092,2.7665,0.8515,1.482727272727273,0.8240909090909091,1.43,0.8409090909090909,1.4028571428571428,0.6147619047619047,6.2,-0.39999999999999947,-1.0,-0.13333333333333286,0.03679194693357656,0.004415018209116693,0.0537250126425023,0.005166029302833371,6.73,-0.11999999999999922,-0.1899999999999995,2.119999999999999,1.9000000000000004,2.3599999999999994,2.8600000000000003,2.54,0.046801989239513016,0.0413017826846509,0.19221243033078522,0.0,0.06307391745915791,0.0006128887077835888,0.0,0.0,0.0,0.0
1987-07-01,2.567727272727273,1.0045454545454546,2.5477272727272724,0.8290909090909092,2.2071428571428573,0.9985714285714286,1.5065,0.8584999999999999,1.3036363636363637,0.6368181818181818,6.1,-0.20000000000000018,-0.9000000000000004,-0.06666666666666643,0.03851797243567492,0.0026396847707732454,0.05400969168586162,0.0067970654739663424,6.58,-0.15000000000000036,0.020000000000000462,2.16,2.119999999999999,2.0199999999999996,2.6400000000000006,2.8600000000000003,0.04709701374835642,0.09991506641733283,0.29978458546145825,0.0,0.056400916591444264,0.0015845580958786915,0.0,0.0,0.0,0.0
1987-08-01,2.527142857142857,1.0076190476190476,2.567727272727273,1.0045454545454546,2.7665,0.8515,1.4994736842105263,0.8526315789473684,1.4804761904761905,0.8395238095238095,6.0,-0.2999999999999998,-0.9000000000000004,-0.10000000000000142,0.04198919628684993,0.004384049108534449,0.06334439042182656,0.007478081537837741,6.73,0.15000000000000036,0.5600000000000005,2.040000000000001,2.16,1.9000000000000004,2.4000000000000004,3.01,0.03436165795748342,0.128260660945353,0.26537363146686127,0.0,0.05215821402094541,0.0033050755764837967,0.0,0.0,0.0,0.0
1987-09-01,2.8004761904761906,1.0780952380952382,2.527142857142857,1.0076190476190476,2.5477272727272724,0.8290909090909092,1.482727272727273,0.8240909090909091,2.095238095238096,1.1014285714285714,5.9,-0.2999999999999998,-1.0999999999999996,-0.09999999999999876,0.04183965834290877,0.0034934533345601267,0.06472669005957106,0.003931774012906879,7.22,0.4899999999999993,1.33,1.8900000000000006,2.040000000000001,2.119999999999999,2.3599999999999994,2.749999999999999,-0.024462959016116115,0.056995712689723844,0.3302213491432156,-0.024166165905701236,0.048186667082004316,0.004044603469960332,0.0,0.0,0.0,0.0
1987-10-01,3.169047619047619,1.1223809523809525,2.8004761904761906,1.0780952380952382,2.567727272727273,1.0045454545454546,2.2071428571428573,0.9985714285714286,2.103181818181818,1.1472727272727272,6.0,-0.09999999999999964,-1.0,-0.0333333333333341,0.04263523164443596,0.002612104227924961,0.07370684461719071,0.01323349510920745,7.29,0.07000000000000028,1.4400000000000004,2.0999999999999996,1.8900000000000006,2.16,2.0199999999999996,2.8100000000000005,-0.2454280339976505,-0.23552933505628318,0.031509142889224906,-0.23653728742951485,0.04631702765108446,0.005450381303445964,0.0,0.0,0.0,0.0
1987-11-01,2.9705263157894737,1.167894736842105,3.169047619047619,1.1223809523809525,2.527142857142857,1.0076190476190476,2.7665,0.8515,1.7505555555555556,0.9738888888888888,5.8,-0.20000000000000018,-1.1000000000000005,-0.06666666666666643,0.044294220231004336,0.0034722257107492787,0.07457418349576388,0.004865946043528878,6.69,-0.5999999999999996,0.6500000000000004,2.370000000000001,2.0999999999999996,2.040000000000001,1.9000000000000004,2.8200000000000003,-0.08921256002042746,-0.35910355303419417,-0.07895322533494856,-0.30169796368722684,0.04261359931383531,0.0014555268203279845,0.0,0.0,0.0,0.0
1987-12-01,3.0281818181818183,1.13,2.9705263157894737,1.167894736842105,2.8004761904761906,1.0780952380952382,2.5477272727272724,0.8290909090909092,1.43,0.8409090909090909,5.7,-0.20000000000000018,-0.8999999999999995,-0.06666666666666643,0.04240918192509361,0.0017316021642778939,0.07072719093518279,0.005592546578943132,6.77,0.07999999999999918,-0.14000000000000057,2.299999999999999,2.370000000000001,1.8900000000000006,2.119999999999999,2.8600000000000003,0.07032935816060752,-0.26431123585747063,0.020072226927095035,-0.25081864470486687,0.0354350770815828,0.002657079132213733,0.0,0.0,0.0,0.0
1988-01-01,2.661052631578948,1.0357894736842106,3.0281818181818183,1.13,3.169047619047619,1.1223809523809525,2.567727272727273,1.0045454545454546,1.5065,0.8584999999999999,5.7,-0.2999999999999998,-0.8999999999999995,-0.09999999999999964,0.04046286361318087,0.0034542348680876036,0.07402391732853056,-0.00019700828905737502,6.83,0.0600000000000005,0.40000000000000036,2.4000000000000004,2.299999999999999,2.0999999999999996,2.16,2.6400000000000006,0.03963627160180704,0.02075306974198725,-0.06407153574350082,-0.22052754142127529,0.03702603114662533,0.007402480134709953,0.0,0.0,0.0,0.0
1988-02-01,2.3695,1.0315,2.661052631578948,1.0357894736842106,2.9705263157894737,1.167894736842105,2.527142857142857,1.0076190476190476,1.4994736842105263,0.8526315789473684,5.7,-0.09999999999999964,-0.8999999999999995,-0.033333333333333215,0.0386012836968121,0.001722653311446156,0.06592827690111212,0.004999271340641673,6.58,-0.25,0.4800000000000004,2.4099999999999984,2.4000000000000004,2.370000000000001,2.040000000000001,2.4000000000000004,0.040966690574679894,0.15093232033709442,-0.059363118200293795,-0.18793202778302648,0.04375998558670065,0.008045095684831659,0.0,0.0,0.0,0.0
1988-03-01,2.503478260869565,1.1030434782608696,2.3695,1.0315,3.0281818181818183,1.13,2.8004761904761906,1.0780952380952382,1.482727272727273,0.8240909090909091,5.7,0.0,-0.8999999999999995,0.0,0.03760827991715932,0.002578428587944307,0.06694590452956001,0.002464822424946425,6.58,0.0,0.4500000000000002,2.200000000000001,2.4099999999999984,2.299999999999999,1.8900000000000006,2.3599999999999994,-0.03391182277344844,0.04669113940303854,-0.11932260108005732,-0.21500902295073715,0.04855322541699074,0.007047294445668601,0.0,0.0,0.0,0.0
1988-04-01,2.6355,1.129,2.503478260869565,1.1030434782608696,2.661052631578948,1.0357894736842106,3.169047619047619,1.1223809523809525,2.2071428571428573,0.9985714285714286,5.4,-0.2999999999999998,-0.8999999999999995,-0.09999999999999964,0.03915245609718162,0.005990604137156973,0.06641916931106588,0.005784379012641945,6.87,0.29000000000000004,0.5,2.1799999999999997,2.200000000000001,2.4000000000000004,2.0999999999999996,2.0199999999999996,0.009380607475103485,0.016435475276334915,-0.09842572362062826,-0.2076106845209619,0.05037695170527544,0.0068949147561000864,0.0,0.0,0.0,0.0
1988-05-01,2.6347619047619046,1.0933333333333333,2.6355,1.129,2.3695,1.0315,2.9705263157894737,1.167894736842105,2.7665,0.8515,5.6,-0.10000000000000053,-0.7000000000000002,-0.0333333333333341,0.039050514871873034,0.002556456441301394,0.05809812946520917,-0.0020182730831874115,7.09,0.21999999999999975,0.2400000000000002,1.9499999999999993,2.1799999999999997,2.4099999999999984,2.370000000000001,1.9000000000000004,0.003171093242928144,-0.021360122055416878,-0.10127069380716365,-0.20509395583519618,0.05374259864122794,0.005242700513823823,0.0,0.0,0.0,0.0
1988-06-01,2.2572727272727278,0.8954545454545454,2.6347619047619046,1.0933333333333333,2.503478260869565,1.1030434782608696,3.0281818181818183,1.13,2.5477272727272724,0.8290909090909092,5.4,-0.2999999999999998,-0.7999999999999998,-0.09999999999999876,0.03888178754420748,0.004246290881451004,0.055829027556543086,0.002896927394167121,7.51,0.41999999999999993,0.7799999999999994,2.08,1.9499999999999993,2.200000000000001,2.299999999999999,2.119999999999999,0.04234660350249091,0.05489830422052237,-0.10572607954418577,-0.17070949022687942,0.05735862285883242,0.004228912925387955,0.0,0.0,0.0,0.0
1988-07-01,2.108,0.777,2.2572727272727278,0.8954545454545454,2.6355,1.129,2.661052631578948,1.0357894736842106,2.567727272727273,1.0045454545454546,5.4,0.0,-0.6999999999999993,-1.7763568394002505e-15,0.040470438882955415,0.004228336109521105,0.04917887351483557,0.00014691143225886938,7.75,0.2400000000000002,1.17,2.049999999999999,2.08,2.1799999999999997,2.4000000000000004,2.16,-0.005426069245371894,0.04009162750004693,-0.15824916253791416,-0.1751970919282391,0.058764416318484,0.0029903515555300005,0.0,0.0,0.0,0.0
1988-08-01,1.9608695652173915,0.6317391304347827,2.108,0.777,2.6347619047619046,1.0933333333333333,2.3695,1.0315,2.527142857142857,1.0076190476190476,5.6,0.0,-0.40000000000000036,1.7763568394002505e-15,0.04029692231076439,0.004210532536343458,0.046702471255235085,0.005001679278237298,8.01,0.2599999999999998,1.2799999999999994,1.950000000000001,2.049999999999999,1.9499999999999993,2.4099999999999984,2.040000000000001,-0.039364832210223834,-0.002444297953104836,-0.23197565270562143,-0.20703457036559839,0.057086680401375586,0.0016273396593754076,0.0,0.0,0.0,0.0
1988-09-01,1.499047619047619,0.5138095238095238,1.9608695652173915,0.6317391304347827,2.2572727272727278,0.8954545454545454,2.503478260869565,1.1030434782608696,2.8004761904761906,1.0780952380952382,5.4,0.0,-0.5,0.0,0.040996347236240335,0.004192878260035958,0.039641063883454696,-0.003129633358873623,8.19,0.17999999999999972,0.9699999999999998,1.92,1.950000000000001,2.08,2.200000000000001,1.8900000000000006,0.03896042225106559,-0.005830479204530196,-0.16855227143843976,-0.17553058300050542,0.054700592432842504,0.0016585155014273542,0.0,0.0,0.0,0.0
1988-10-01,1.1985,0.4415,1.499047619047619,0.5138095238095238,2.108,0.777,2.6355,1.129,3.169047619047619,1.1223809523809525,5.4,0.0,-0.5999999999999996,1.7763568394002505e-15,0.041725933670218644,0.0033416906619032558,0.030709105164860067,0.004301536390612834,8.3,0.11000000000000121,1.0100000000000007,1.6099999999999994,1.92,2.049999999999999,2.1799999999999997,2.0999999999999996,0.025633110876460363,0.02522870091730213,0.10250887343567121,-0.15412367633007326,0.05208699665948532,0.0028367855300888553,0.0,0.0,0.0,0.0
1988-11-01,0.934,0.2965,1.1985,0.4415,1.9608695652173915,0.6317391304347827,2.6347619047619046,1.0933333333333333,2.9705263157894737,1.167894736842105,5.3,-0.2999999999999998,-0.5,-0.09999999999999876,0.04158426890663387,0.0033305609471645323,0.028258914709051307,0.002415755587720079,8.35,0.049999999999998934,1.6599999999999993,1.5199999999999996,1.6099999999999994,1.950000000000001,1.9499999999999993,2.370000000000001,-0.019071592887292644,0.04552194024023339,0.17264984056880614,-0.17010302505273026,0.05564367442863789,0.005012204589480545,0.0,0.0,0.0,0.0
1988-12-01,0.7571428571428571,0.0171428571428571,0.934,0.2965,1.499047619047619,0.5138095238095238,2.2572727272727278,0.8954545454545454,3.0281818181818183,1.13,5.3,-0.10000000000000053,-0.40000000000000036,-0.0333333333333341,0.04317217186520878,0.003319505122852713,0.027185677308185437,0.004519309178077388,8.76,0.41000000000000014,1.9900000000000002,1.540000000000001,1.5199999999999996,1.92,2.08,2.299999999999999,0.014580755633844672,0.021142273623012343,0.11690123804204304,-0.1579138523345208,0.05566738237204893,0.002680787075624679,0.0,0.0,0.0,0.0
1989-01-01,0.533,-0.0839999999999999,0.7571428571428571,0.0171428571428571,1.1985,0.4415,2.108,0.777,2.661052631578948,1.0357894736842106,5.4,0.0,-0.2999999999999998,0.0,0.04385188252884941,0.004133945531728332,0.030328034729720902,0.00294534913247799,9.12,0.35999999999999943,2.289999999999999,1.5600000000000005,1.540000000000001,1.6099999999999994,2.049999999999999,2.4000000000000004,0.06869996738792102,0.06420913013447287,0.14596493382815684,-0.09802907146424975,0.049435490507933486,0.001170588270594413,0.0,0.0,0.0,0.0
1989-02-01,0.3321052631578947,-0.2026315789473684,0.533,-0.0839999999999999,0.934,0.2965,1.9608695652173915,0.6317391304347827,2.3695,1.0315,5.2,-0.09999999999999964,-0.5,-0.033333333333333215,0.045424125114255635,0.0032948958968524846,0.020893766547148803,-0.004434996841930443,9.36,0.2400000000000002,2.7799999999999994,1.4399999999999995,1.5600000000000005,1.5199999999999996,1.950000000000001,2.4099999999999984,-0.029371292706620596,0.05390943031514486,0.07562695054685661,-0.12413585190035316,0.04155750991565489,0.00016711509255299572,0.0,0.0,0.0,0.0
1989-03-01,0.2154545454545454,-0.3218181818181818,0.3321052631578947,-0.2026315789473684,0.7571428571428571,0.0171428571428571,1.499047619047619,0.5138095238095238,2.503478260869565,1.1030434782608696,5.0,-0.2999999999999998,-0.7000000000000002,-0.09999999999999964,0.04776777373173966,0.004922077205428455,0.02092655255178385,0.0024976084295814864,9.85,0.4900000000000002,3.2699999999999996,1.3100000000000005,1.4399999999999995,1.540000000000001,1.92,2.200000000000001,0.020592473725625064,0.05992114840692535,0.13013124704593,-0.10591265606021938,0.03701359633976758,0.002503380869781552,0.0,0.0,0.0,0.0
1989-04-01,0.213,-0.2759999999999999,0.2154545454545454,-0.3218181818181818,0.533,-0.0839999999999999,1.1985,0.4415,2.6355,1.129,5.2,-0.20000000000000018,-0.20000000000000018,-0.06666666666666732,0.04911515604749561,0.007337986452912791,0.014992492817497914,-0.00014968072164390378,9.84,-0.009999999999999787,2.9699999999999998,1.4299999999999997,1.3100000000000005,1.5600000000000005,1.6099999999999994,2.1799999999999997,0.04887581495703058,0.040096995976035006,0.16962645452785707,-0.061127877170167245,0.03221668924667391,0.00209800766300645,0.0,0.0,0.0,0.0
1989-05-01,0.1231818181818181,-0.1586363636363636,0.213,-0.2759999999999999,0.3321052631578947,-0.2026315789473684,0.934,0.2965,2.6347619047619046,1.0933333333333333,5.2,0.0,-0.39999999999999947,8.881784197001252e-16,0.05142094581422851,0.004862246208034556,0.011309470413554857,-0.005701295487130503,9.81,-0.02999999999999936,2.7200000000000006,1.6000000000000014,1.4299999999999997,1.4399999999999995,1.5199999999999996,1.9499999999999993,0.03453426298881928,0.10400255167147474,0.2009896242737481,-0.02813826295567474,0.02883519639589765,0.0018612076630474734,0.0,0.0,0.0,0.0
1989-06-01,-0.1572727272727272,-0.1290909090909091,0.1231818181818181,-0.1586363636363636,0.2154545454545454,-0.3218181818181818,0.7571428571428571,0.0171428571428571,2.2572727272727278,0.8954545454545454,5.3,0.2999999999999998,-0.10000000000000053,0.10000000000000053,0.050403067744896675,0.0032284128121191787,0.008336456828266258,-7.608619112149026e-05,9.53,-0.28000000000000114,2.0199999999999996,1.75,1.6000000000000014,1.3100000000000005,1.540000000000001,2.08,-0.007956120362356213,0.0754539575834935,0.15068690040890118,-0.035839833972524555,0.030004094407466056,0.0053978109369564155,0.0,0.0,0.0,0.0
1989-07-01,-0.1285,0.199,-0.1572727272727272,-0.1290909090909091,0.213,-0.2759999999999999,0.533,-0.0839999999999999,2.108,0.777,5.2,0.0,-0.20000000000000018,0.10000000000000053,0.049392755329576474,0.003218023694200793,-0.001504414293248654,-0.009693959689256036,9.24,-0.28999999999999915,1.4900000000000002,1.8499999999999996,1.75,1.4299999999999997,1.5600000000000005,2.049999999999999,0.08468140113430099,0.11125954376076402,0.2407943707885741,0.0,0.03507259935449048,0.00805885650255471,0.0,0.0,0.0,0.0
1989-08-01,-0.057391304347826,-0.0321739130434782,-0.1285,0.199,0.1231818181818181,-0.1586363636363636,0.3321052631578947,-0.2026315789473684,1.9608695652173915,0.6317391304347827,5.2,0.0,-0.39999999999999947,0.10000000000000053,0.04518222279323297,0.0,0.0032445265976671707,0.009750620169153092,8.99,-0.25,0.9800000000000004,1.7700000000000014,1.8499999999999996,1.6000000000000014,1.4399999999999995,1.950000000000001,0.015397564950012526,0.09212284572195746,0.2955567679488105,0.0,0.0406268535302711,0.007181593835155957,0.0,0.0,1.0,0.0
1989-09-01,0.176,-0.094,-0.057391304347826,-0.0321739130434782,-0.1572727272727272,-0.1290909090909091,0.2154545454545454,-0.3218181818181818,1.499047619047619,0.5138095238095238,5.3,0.0,-0.10000000000000053,0.10000000000000053,0.043396084563761865,0.0024067400305650593,0.003235193366994278,-0.003138966589546481,9.02,0.02999999999999936,0.8300000000000001,1.7200000000000006,1.7700000000000014,1.75,1.3100000000000005,1.92,-0.0065658765442765605,0.09351308954003697,0.2500304691534683,-0.00654436827616892,0.04483840304485249,0.005870065016008781,0.0,0.0,1.0,0.0
1989-10-01,0.108095238095238,0.0285714285714285,0.176,-0.094,-0.1285,0.199,0.213,-0.2759999999999999,1.1985,0.4415,5.3,0.09999999999999964,-0.10000000000000053,0.13333333333333375,0.04485056616535171,0.0047961722634930135,-0.0024151011520373218,-0.0013487581284186984,8.84,-0.17999999999999972,0.5399999999999991,1.8000000000000007,1.7200000000000006,1.8499999999999996,1.4299999999999997,1.6099999999999994,-0.025497773867688405,-0.01666608546195232,0.19889958440931954,-0.03155506180189251,0.04896197816434533,0.006960360649581505,0.0,0.0,1.0,0.0
1989-11-01,-0.0695238095238095,0.0785714285714285,0.108095238095238,0.0285714285714285,-0.057391304347826,-0.0321739130434782,0.1231818181818181,-0.1586363636363636,0.934,0.2965,5.4,0.20000000000000018,0.10000000000000053,0.20000000000000018,0.04549931806966842,0.003979312851481054,-0.0014575042985420425,0.003373352441215389,8.55,-0.28999999999999915,0.20000000000000107,1.9400000000000004,1.8000000000000007,1.7700000000000014,1.6000000000000014,1.5199999999999996,0.016406006737505592,-0.01565764367445947,0.2343771840341176,-0.015535700051249038,0.050096349894166406,0.00614657631930179,0.0,0.0,1.0,0.0
1989-12-01,-0.0435,0.059,-0.0695238095238095,0.0785714285714285,0.176,-0.094,-0.1572727272727272,-0.1290909090909091,0.7571428571428571,0.0171428571428571,5.4,0.10000000000000053,0.10000000000000053,0.23333333333333428,0.045351901252959625,0.003172088306143979,-0.0005075851865103271,0.0054692282901091585,8.45,-0.10000000000000142,-0.3100000000000005,1.9800000000000004,1.9400000000000004,1.7200000000000006,1.75,1.540000000000001,0.02119069793396262,0.012098930803779733,0.24098712633423552,0.0,0.05352458942209022,0.006109026603548453,0.0,0.0,1.0,0.0
1990-01-01,0.3085714285714286,0.1214285714285714,-0.0435,0.059,0.108095238095238,0.0285714285714285,-0.1285,0.199,0.533,-0.0839999999999999,5.4,0.10000000000000053,0.0,0.2666666666666675,0.0506742909632668,0.009456335242035444,-0.008523567085913461,-0.005070632766924932,8.23,-0.21999999999999886,-0.8899999999999988,1.7299999999999986,1.9800000000000004,1.8000000000000007,1.8499999999999996,1.5600000000000005,-0.07129970111788529,-0.033702996446417326,0.10098745782842927,-0.06881722621461733,0.056879826609699924,0.004525825458204144,0.0,0.0,1.0,0.0
1990-02-01,0.4710526315789473,0.1026315789473684,0.3085714285714286,0.1214285714285714,-0.0695238095238095,0.0785714285714285,-0.057391304347826,-0.0321739130434782,0.3321052631578947,-0.2026315789473684,5.3,-0.10000000000000053,0.09999999999999964,0.23333333333333428,0.05129329438755048,0.003913899321136315,0.004952070729176896,0.009040640973159675,8.24,0.009999999999999787,-1.1199999999999992,1.67,1.7299999999999986,1.9400000000000004,1.7700000000000014,1.4399999999999995,0.00850279135448318,-0.04160621182943975,0.13886154188953306,-0.06086581669366819,0.060620690017420625,0.003907978500273541,0.0,1.0,1.0,0.0
1990-03-01,0.4186363636363637,-0.0381818181818181,0.4710526315789473,0.1026315789473684,-0.0435,0.059,0.176,-0.094,0.2154545454545454,-0.3218181818181818,5.2,-0.20000000000000018,0.20000000000000018,0.16666666666666696,0.05104776506602394,0.004676547883901803,0.007423665291343954,0.0049692029917487975,8.28,0.03999999999999915,-1.5700000000000003,1.620000000000001,1.67,1.9800000000000004,1.7200000000000006,1.3100000000000005,0.023965505779727975,-0.038831403983674254,0.14223457394363598,-0.03808712984590695,0.06153998060002222,0.0034226714523831886,0.0,1.0,1.0,0.0
1990-04-01,0.745,0.0615,0.4186363636363637,-0.0381818181818181,0.3085714285714286,0.1214285714285714,0.108095238095238,0.0285714285714285,0.213,-0.2759999999999999,5.4,0.0,0.20000000000000018,0.16666666666666785,0.04603987675473402,0.0023300981416228303,0.00495009580710504,-0.002623250205882803,8.26,-0.019999999999999574,-1.58,1.5100000000000016,1.620000000000001,1.7299999999999986,1.8000000000000007,1.4299999999999997,-0.02725521238308934,0.005213084751121682,0.06610354660351599,-0.06395021645115102,0.06304039351654911,0.0035984205795333117,0.0,1.0,1.0,0.0
1990-05-01,0.7513636363636365,0.1159090909090909,0.745,0.0615,0.4710526315789473,0.1026315789473684,-0.0695238095238095,0.0785714285714285,0.1231818181818181,-0.1586363636363636,5.4,0.10000000000000053,0.20000000000000018,0.1999999999999993,0.04272801845415449,0.0015503879074549917,0.013688294613965075,0.0030369033197294925,8.18,-0.08000000000000007,-1.6300000000000008,1.6500000000000004,1.5100000000000016,1.67,1.9400000000000004,1.6000000000000014,0.08800097873791163,0.08471127213455017,0.11957026235260833,0.0,0.06086679323592256,-0.0003123926175791156,1.0,1.0,1.0,0.0
1990-06-01,0.4933333333333333,0.129047619047619,0.7513636363636365,0.1159090909090909,0.4186363636363637,-0.0381818181818181,-0.0435,0.059,-0.1572727272727272,-0.1290909090909091,5.2,0.0,-0.09999999999999964,0.09999999999999964,0.04567723146599251,0.006177625823957155,0.01715021583203635,0.0033858350269497847,8.29,0.10999999999999943,-1.2400000000000002,1.7400000000000002,1.6500000000000004,1.620000000000001,1.9800000000000004,1.75,-0.008926084910209643,0.05181968144461254,0.118600297804755,-0.008886365681221716,0.05955361139756605,0.0040846290985998325,1.0,1.0,1.0,0.0
1990-07-01,0.5966666666666667,0.3142857142857143,0.4933333333333333,0.129047619047619,0.745,0.0615,0.3085714285714286,0.1214285714285714,-0.1285,0.199,5.5,0.09999999999999964,0.2999999999999998,0.13333333333333375,0.04706751085798573,0.004608303086194181,0.02509530236575901,-0.0017488731555333537,8.15,-0.1399999999999988,-1.0899999999999999,1.7299999999999986,1.7400000000000002,1.5100000000000016,1.7299999999999986,1.8499999999999996,-0.005236846788815325,0.07383804703888666,0.0286820498816387,-0.014063109197303154,0.05484973303495397,0.0033549781399424983,1.0,1.0,1.0,0.0
1990-08-01,1.0582608695652174,0.691304347826087,0.5966666666666667,0.3142857142857143,0.7513636363636365,0.1159090909090909,0.4710526315789473,0.1026315789473684,-0.057391304347826,-0.0321739130434782,5.7,0.2999999999999998,0.5,0.23333333333333428,0.055461302986454436,0.00839379212846862,0.01883143219361049,0.003486749997004604,8.13,-0.019999999999999574,-0.8599999999999994,1.6600000000000001,1.7299999999999986,1.6500000000000004,1.67,1.7700000000000014,-0.09906281541277162,-0.11322574711179653,-0.08577833048114557,-0.10705094330935316,0.05308066304498711,0.005412523845189275,1.0,1.0,1.0,1.0
1990-09-01,1.295263157894737,0.8136842105263158,1.0582608695652174,0.691304347826087,0.4933333333333333,0.129047619047619,0.4186363636363637,-0.0381818181818181,0.176,-0.094,5.9,0.7000000000000002,0.6000000000000005,0.4666666666666668,0.059870189490949716,0.006815626535060039,0.02204664989717516,7.6251114018169e-05,8.2,0.06999999999999851,-0.8200000000000003,1.75,1.6600000000000001,1.7400000000000002,1.620000000000001,1.7200000000000006,-0.0525407104627688,-0.15684037266435563,-0.13175316439963766,-0.15275592147698888,0.0510895549598709,0.003878956930892418,1.0,1.0,1.0,1.0
1990-10-01,1.3195454545454546,0.8418181818181818,1.295263157894737,0.8136842105263158,0.5966666666666667,0.3142857142857143,0.745,0.0615,0.108095238095238,0.0285714285714285,5.9,0.40000000000000036,0.6000000000000005,0.5666666666666664,0.061843505282703055,0.006769488055246575,0.017535754881917356,-0.005859653143676538,8.11,-0.08999999999999986,-0.7300000000000004,2.0199999999999996,1.75,1.7299999999999986,1.5100000000000016,1.8000000000000007,-0.0067207460051146055,-0.15832427188065504,-0.11297613653706404,-0.15843094218573708,0.04557226246166569,0.00144306815137622,1.0,1.0,1.0,1.0
1990-11-01,1.1015,0.7935,1.3195454545454546,0.8418181818181818,1.0582608695652174,0.691304347826087,0.7513636363636365,0.1159090909090909,-0.0695238095238095,0.0785714285714285,6.2,0.5,0.7999999999999998,0.7000000000000002,0.06011054305759585,0.0022463506263740154,0.0013652586758955943,-0.012797143764806536,7.81,-0.2999999999999998,-0.7400000000000011,2.2299999999999986,2.0199999999999996,1.6600000000000001,1.6500000000000004,1.9400000000000004,0.058206844445033885,-0.0010546120228494616,-0.07117529882953545,-0.10799216172296786,0.040437661266676084,0.001011975124312093,1.0,1.0,1.0,1.0
1990-12-01,1.1255000000000002,0.761,1.1015,0.7935,1.295263157894737,0.8136842105263158,0.4933333333333333,0.129047619047619,-0.0435,0.059,6.3,0.39999999999999947,0.8999999999999995,0.833333333333333,0.06067119518113591,0.0037327404296839204,-0.011470566202347897,-0.00736659658813422,7.31,-0.5,-1.1399999999999997,2.3499999999999996,2.2299999999999986,1.75,1.7400000000000002,1.9800000000000004,0.024524556849066764,0.076010655288986,-0.06784143991443134,-0.08584560756996093,0.03714450332099622,0.002815868657868693,1.0,1.0,1.0,1.0
1991-01-01,1.6823809523809523,0.9676190476190476,1.1255000000000002,0.761,1.3195454545454546,0.8418181818181818,0.5966666666666667,0.3142857142857143,0.3085714285714286,0.1214285714285714,6.4,0.5,1.0,1.0000000000000009,0.0549337188178374,0.003718858878736977,-0.0096611245119858,-0.0032611910765628295,6.91,-0.39999999999999947,-1.3200000000000003,2.3599999999999994,2.3499999999999996,2.0199999999999996,1.7299999999999986,1.7299999999999986,0.04067902429874777,0.12341042559284848,0.044137285502201806,-0.047891974045317205,0.037466617840177435,0.004847939977385233,1.0,1.0,1.0,1.0
1991-02-01,1.738421052631579,0.9878947368421052,1.6823809523809523,0.9676190476190476,1.1015,0.7935,1.0582608695652174,0.691304347826087,0.4710526315789473,0.1026315789473684,6.6,0.39999999999999947,1.2999999999999998,1.1333333333333337,0.05176193455858958,0.0007421150618884935,-0.026117701550174014,-0.007415936065028436,6.25,-0.6600000000000001,-1.9900000000000002,2.2200000000000006,2.3599999999999994,2.2299999999999986,1.6600000000000001,1.67,0.06511445851577645,0.13031803966359107,0.10074895266349519,0.0,0.03865558311295509,0.0050969437730513404,1.0,1.0,1.0,1.0
1991-03-01,2.0165,1.007,1.738421052631579,0.9878947368421052,1.1255000000000002,0.761,1.295263157894737,0.8136842105263158,0.4186363636363637,-0.0381818181818181,6.8,0.5,1.5999999999999996,1.299999999999999,0.04708538667468786,0.0,-0.03685794380821415,-0.005771039266291432,6.12,-0.1299999999999999,-2.1599999999999993,1.9800000000000004,2.2200000000000006,2.3499999999999996,1.75,1.620000000000001,0.021959938353917845,0.1277534211684422,0.0987433852376852,0.0,0.040484644122236804,0.005251732461664895,0.0,0.0,0.0,1.0
1991-04-01,2.213636363636364,1.0909090909090908,2.0165,1.007,1.6823809523809523,0.9676190476190476,1.3195454545454546,0.8418181818181818,0.745,0.0615,6.7,0.2999999999999998,1.2999999999999998,1.3999999999999995,0.04697833502101129,0.0022230464879464517,-0.03159955000821802,0.00263514359411327,5.91,-0.20999999999999996,-2.3499999999999996,1.9000000000000004,1.9800000000000004,2.3599999999999994,2.0199999999999996,1.5100000000000016,0.0003197482375830989,0.08739414510727747,0.12631834585835755,0.0,0.04004208027128537,0.0031558567285819234,0.0,0.0,0.0,0.0
1991-05-01,2.434090909090909,1.2840909090909092,2.213636363636364,1.0909090909090908,1.738421052631579,0.9878947368421052,1.1015,0.7935,0.7513636363636365,0.1159090909090909,6.9,0.3000000000000007,1.5,1.4666666666666668,0.049122077653698415,0.003694130540142098,-0.025266302726750303,0.009370150601197114,5.78,-0.1299999999999999,-2.3999999999999995,1.7899999999999991,1.9000000000000004,2.2200000000000006,2.2299999999999986,1.6500000000000004,0.037878440105439656,0.060158126696940664,0.07619580722588568,0.0,0.04353031520820876,0.003175842319344371,0.0,0.0,0.0,0.0
1991-06-01,2.533,1.328,2.434090909090909,1.2840909090909092,2.0165,1.007,1.1255000000000002,0.761,0.4933333333333333,0.129047619047619,6.9,0.10000000000000053,1.7000000000000002,1.5,0.04588996205949812,0.0029455102297569658,-0.02058172450464535,0.008070413249054765,5.9,0.1200000000000001,-2.389999999999999,1.6800000000000015,1.7899999999999991,1.9800000000000004,2.3499999999999996,1.7400000000000002,-0.04907746586014916,-0.010879277517126465,0.036044426275946076,-0.04789262897479863,0.042104427910912394,0.0026587418013033558,0.0,0.0,0.0,0.0
1991-07-01,2.521818181818181,1.355,2.533,1.328,2.213636363636364,1.0909090909090908,1.6823809523809523,0.9676190476190476,0.5966666666666667,0.3142857142857143,6.8,0.09999999999999964,1.2999999999999998,1.5,0.042751166952663906,0.001469507979359978,-0.016036159483543623,0.0027966918655682525,5.82,-0.08000000000000007,-2.33,1.620000000000001,1.6800000000000015,1.9000000000000004,2.3599999999999994,1.7299999999999986,0.04388227631696101,0.032683250562251465,0.08516354938172237,-0.005181717885361841,0.040001686070562474,0.0012522362995925616,0.0,0.0,0.0,0.0
1991-08-01,2.402272727272728,1.466818181818182,2.521818181818181,1.355,2.434090909090909,1.2840909090909092,1.738421052631579,0.9878947368421052,1.0582608695652174,0.691304347826087,6.9,0.0,1.2000000000000002,1.3999999999999995,0.0372899282454728,0.00293255342127772,-0.01953424915816147,-1.1339677613128998e-05,5.66,-0.16000000000000014,-2.4700000000000006,1.75,1.620000000000001,1.7899999999999991,2.2200000000000006,1.6600000000000001,0.019458239201722446,0.014263049658534135,0.20368460399621632,0.0,0.034261347110160816,-0.0003278151152122907,0.0,0.0,0.0,0.0
1991-09-01,2.2765,1.4685,2.402272727272728,1.466818181818182,2.533,1.328,2.0165,1.007,1.295263157894737,0.8136842105263158,6.9,0.0,1.0,1.166666666666667,0.03339828040184801,0.002923978691435282,-0.011708841321057047,0.007901658951122612,5.45,-0.20999999999999996,-2.749999999999999,1.8599999999999994,1.75,1.6800000000000015,1.9800000000000004,1.75,-0.01932934986955976,0.04401116564912351,0.23689596458942544,-0.01914373584308655,0.03035258347573844,-2.9806703529854005e-05,0.0,0.0,0.0,0.0
1991-10-01,2.3831818181818183,1.615,2.2765,1.4685,2.521818181818181,1.355,2.213636363636364,1.0909090909090908,1.3195454545454546,0.8418181818181818,7.0,0.20000000000000018,1.0999999999999996,1.1000000000000005,0.02808758181026142,0.0014587894636598666,-0.006395790015675138,-0.0005466018382947039,5.21,-0.2400000000000002,-2.8999999999999995,1.96,1.8599999999999994,1.620000000000001,1.9000000000000004,2.0199999999999996,0.011764759676739654,0.011893649008902172,0.2553814702712796,-0.007536050688985872,0.030458287041245046,0.0015487717168826242,0.0,0.0,0.0,0.0
1991-11-01,2.727894736842105,1.858421052631579,2.3831818181818183,1.615,2.402272727272728,1.466818181818182,2.434090909090909,1.2840909090909092,1.1015,0.7935,7.0,0.09999999999999964,0.7999999999999998,0.9666666666666659,0.03020487447166097,0.004363643287773492,0.0048177380435893554,-0.0015836157055420894,4.81,-0.40000000000000036,-3.0,2.0299999999999994,1.96,1.75,1.7899999999999991,2.2299999999999986,-0.04489664780873667,-0.052461238001556845,0.15227797801750895,-0.05110889874165069,0.03105211694856549,0.0016058050316327442,0.0,0.0,0.0,0.0
1991-12-01,2.9042857142857144,2.0628571428571427,2.727894736842105,1.858421052631579,2.2765,1.4685,2.533,1.328,1.1255000000000002,0.761,7.3,0.39999999999999947,1.0,0.9666666666666677,0.029370686795988196,0.0028985527540112575,0.00730995032220049,-0.004874384309522951,4.43,-0.3799999999999999,-2.88,2.17,2.0299999999999994,1.8599999999999994,1.6800000000000015,2.3499999999999996,0.10578949320065524,0.07265760506865807,0.2335429143690974,0.0,0.030225058183809238,0.0019888098931124315,0.0,0.0,0.0,0.0
1992-01-01,3.1261904761904766,2.0742857142857143,2.9042857142857144,2.0628571428571427,2.3831818181818183,1.615,2.521818181818181,1.355,1.6823809523809523,0.9676190476190476,7.3,0.2999999999999998,0.8999999999999995,0.8999999999999995,0.026375155254394413,0.0007233273371432477,0.005319877372007837,-0.0052512640267555356,4.03,-0.39999999999999947,-2.88,2.1000000000000005,2.17,1.96,1.620000000000001,2.3599999999999994,-0.020124906041998382,0.040767939349920096,0.17273898402835103,-0.019923751783923634,0.028042443917316327,0.002665325710892337,0.0,0.0,0.0,0.0
1992-02-01,3.3878947368421053,2.1257894736842107,3.1261904761904766,2.0742857142857143,2.727894736842105,1.858421052631579,2.402272727272728,1.466818181818182,1.738421052631579,0.9878947368421052,7.4,0.40000000000000036,0.8000000000000007,0.8999999999999995,0.02779988827759601,0.002166848085090293,0.019770703029326896,0.007034889592290463,4.06,0.02999999999999936,-2.1900000000000004,1.8900000000000006,2.1000000000000005,2.0299999999999994,1.75,2.2200000000000006,0.009543855309576457,0.0952084424682331,0.1171683808221512,-0.010525268333942319,0.028490255693745206,0.005544755549480286,0.0,0.0,0.0,0.0
1992-03-01,3.403636363636364,1.8572727272727272,3.3878947368421053,2.1257894736842107,2.9042857142857144,2.0628571428571427,2.2765,1.4685,2.0165,1.007,7.4,0.10000000000000053,0.6000000000000005,0.7666666666666684,0.03140090045119042,0.003601012173594375,0.034031264296116706,0.008489522000498375,3.98,-0.07999999999999963,-2.14,1.71,1.8900000000000006,2.17,1.8599999999999994,1.9800000000000004,-0.022073703606637695,-0.032654754339059636,0.07313473886159542,-0.0321273442521714,0.024384924686283716,0.00114640145420324,0.0,0.0,0.0,0.0
1992-04-01,3.641428571428572,2.136190476190476,3.403636363636364,1.8572727272727272,3.1261904761904766,2.0742857142857143,2.3831818181818183,1.615,2.213636363636364,1.0909090909090908,7.4,0.10000000000000053,0.7000000000000002,0.7000000000000002,0.031332253360270415,0.0021543993970264464,0.03895758736880023,0.007561466666796817,3.73,-0.25,-2.18,1.7300000000000004,1.71,2.1000000000000005,1.96,1.9000000000000004,0.02751079773217417,0.0149809494351128,0.10032578835618657,-0.005130749118052897,0.019994427316418328,-0.001234640641283548,0.0,0.0,0.0,0.0
1992-05-01,3.673,2.1665,3.641428571428572,2.136190476190476,3.3878947368421053,2.1257894736842107,2.727894736842105,1.858421052631579,2.434090909090909,1.2840909090909092,7.6,0.1999999999999993,0.6999999999999993,0.6666666666666661,0.029787890756621003,0.002149767936492443,0.032873127932386524,0.0032856911647834663,3.82,0.08999999999999986,-1.9600000000000004,1.740000000000001,1.7300000000000004,1.8900000000000006,2.0299999999999994,1.7899999999999991,0.0009634925174195682,0.006400586642955885,0.06341084076816653,-0.004171738113242613,0.016494974679906474,-0.0003236103171673495,0.0,0.0,0.0,0.0
1992-06-01,3.516818181818182,2.213636363636364,3.673,2.1665,3.403636363636364,1.8572727272727272,2.9042857142857144,2.0628571428571427,2.533,1.328,7.8,0.39999999999999947,0.8999999999999995,0.7666666666666675,0.029701567606909205,0.0028591870800451606,0.025314437179315058,0.0005117224959831834,3.76,-0.06000000000000005,-2.1400000000000006,1.790000000000001,1.740000000000001,1.71,2.17,1.6800000000000015,-0.017511264288296996,0.010963025961296655,0.09497704234001865,-0.021458154758050383,0.012305019387437196,-0.0015312134911659727,0.0,0.0,0.0,0.0
1992-07-01,3.5650000000000004,2.489090909090909,3.516818181818182,2.213636363636364,3.641428571428572,2.136190476190476,3.1261904761904766,2.0742857142857143,2.521818181818181,1.355,7.7,0.2999999999999998,0.9000000000000004,0.833333333333333,0.031083095058388594,0.0028510354308390845,0.03168268338667768,0.009164938072931013,3.25,-0.5099999999999998,-2.5700000000000003,2.0,1.790000000000001,1.7300000000000004,2.1000000000000005,1.620000000000001,0.038618306803876776,0.022070535032999435,0.0897130728269345,0.0,0.011200117079536328,0.00014733399169169548,0.0,0.0,0.0,0.0
1992-08-01,3.3866666666666667,2.392857142857143,3.5650000000000004,2.489090909090909,3.673,2.1665,3.3878947368421053,2.1257894736842107,2.402272727272728,1.466818181818182,7.6,0.0,0.6999999999999993,0.833333333333333,0.030283496587252365,0.0021329549501415855,0.026086468487659754,-0.005607554576631066,3.3,0.04999999999999982,-2.3600000000000003,2.0600000000000005,2.0,1.740000000000001,1.8900000000000006,1.75,-0.024290163475819793,-0.0031831209602400656,0.045964670149392255,-0.02399753160189124,0.012970657723604112,0.0014427255288553909,0.0,0.0,0.0,0.0
1992-09-01,3.4466666666666663,2.520952380952381,3.3866666666666667,2.392857142857143,3.516818181818182,2.213636363636364,3.403636363636364,1.8572727272727272,2.2765,1.4685,7.6,-0.20000000000000018,0.6999999999999993,0.7666666666666657,0.029487933030643444,0.0021284151348261327,0.021477924708438945,0.003293115171901683,3.22,-0.07999999999999963,-2.23,2.1999999999999993,2.0600000000000005,1.790000000000001,1.71,1.8599999999999994,0.009064387885347788,0.0233925312134048,0.07435840790429982,-0.015110449520819708,0.016378300245190915,0.0033778358180568454,0.0,0.0,0.0,0.0
1992-10-01,3.656190476190477,2.5061904761904765,3.4466666666666663,2.520952380952381,3.5650000000000004,2.489090909090909,3.641428571428572,2.136190476190476,2.3831818181818183,1.615,7.3,-0.40000000000000036,0.2999999999999998,0.5666666666666664,0.0322724314048499,0.0042432878378664204,0.02875341723153254,0.0067288906847989246,3.1,-0.1200000000000001,-2.11,2.25,2.1999999999999993,2.0,1.7300000000000004,1.96,0.002104067588025682,-0.013121708002446419,0.06469771581558571,-0.013035993707570227,0.018780309921543,0.003950781393234817,0.0,0.0,0.0,0.0
1992-11-01,3.667368421052631,2.293684210526316,3.656190476190477,2.5061904761904765,3.3866666666666667,2.392857142857143,3.673,2.1665,2.727894736842105,1.858421052631579,7.4,-0.1999999999999993,0.40000000000000036,0.4666666666666677,0.03072767652349658,0.002818888406420201,0.03412207773536855,0.0037850447982939,3.09,-0.010000000000000231,-1.7199999999999998,2.0900000000000007,2.25,2.0600000000000005,1.740000000000001,2.0299999999999994,0.029812952179299218,0.04098140765267266,0.13940731580362167,0.0,0.017962791575110642,0.0007882866852003873,0.0,0.0,0.0,0.0
1992-12-01,3.4786363636363635,2.096363636363636,3.667368421052631,2.293684210526316,3.4466666666666663,2.520952380952381,3.516818181818182,2.213636363636364,2.9042857142857144,2.0628571428571427,7.4,-0.1999999999999993,0.10000000000000053,0.2666666666666666,0.0292355937622374,0.001406469992751825,0.040683958411291986,0.0016874963664005808,2.92,-0.16999999999999993,-1.5099999999999998,2.040000000000001,2.0900000000000007,2.1999999999999993,1.790000000000001,2.17,0.010057025148320268,0.04197404491564523,0.043674847751286945,0.0,0.015448526275232804,-0.0005254554067654128,0.0,0.0,0.0,0.0
1993-01-01,3.5289473684210524,2.21,3.4786363636363635,2.096363636363636,3.656190476190477,2.5061904761904765,3.5650000000000004,2.489090909090909,3.1261904761904766,2.0742857142857143,7.3,0.0,0.0,0.16666666666666696,0.03201981123477157,0.003507544809677335,0.04976776492529162,0.0038325424872440983,3.02,0.10000000000000009,-1.0100000000000002,2.0700000000000003,2.040000000000001,2.25,2.0,2.1000000000000005,0.007021280908169157,0.04689125823578852,0.07082103470145437,0.0,0.011146682475026672,-0.0016365180893136591,0.0,0.0,0.0,0.0
1993-02-01,3.2663157894736843,2.1605263157894736,3.5289473684210524,2.21,3.667368421052631,2.293684210526316,3.3866666666666667,2.392857142857143,3.3878947368421053,2.1257894736842107,7.1,-0.3000000000000007,-0.3000000000000007,-0.06666666666666643,0.03195159980660243,0.002098636656920984,0.04753726921232648,0.00480439387932529,3.03,0.009999999999999787,-1.0299999999999998,2.130000000000001,2.0700000000000003,2.0900000000000007,2.0600000000000005,1.8900000000000006,0.010429055449634723,0.027507361506124248,0.07170623484151284,0.0,0.004255637796891087,-0.0013462891286552695,0.0,0.0,0.0,0.0
1993-03-01,2.960869565217391,2.0256521739130435,3.2663157894736843,2.1605263157894736,3.4786363636363635,2.096363636363636,3.4466666666666663,2.520952380952381,3.403636363636364,1.8572727272727272,7.0,-0.40000000000000036,-0.40000000000000036,-0.13333333333333375,0.029747235904728993,0.0013966482717210399,0.038173833479459726,-0.0008739137323682901,3.07,0.040000000000000036,-0.9100000000000001,2.17,2.130000000000001,2.040000000000001,2.1999999999999993,1.71,0.018524653242830477,0.03597498960063438,0.11230459169098105,0.0,0.0022888677167951957,-0.00082036862589277,0.0,0.0,0.0,0.0
1993-04-01,3.039047619047619,2.131904761904762,2.960869565217391,2.0256521739130435,3.5289473684210524,2.21,3.656190476190477,2.5061904761904765,3.641428571428572,2.136190476190476,7.1,-0.20000000000000018,-0.3000000000000007,-0.06666666666666643,0.03107594696052274,0.003483110452820178,0.03335177181629833,0.0027394050036354,2.96,-0.10999999999999988,-0.77,2.170000000000001,2.17,2.0700000000000003,2.25,1.7300000000000004,-0.02574539698760015,0.0032083117048651664,0.05904839697120674,-0.025416810160156515,0.0034062578816143677,-0.00011725047646424782,0.0,0.0,0.0,0.0
1993-05-01,3.0105,2.0585,3.039047619047619,2.131904761904762,3.2663157894736843,2.1605263157894736,3.667368421052631,2.293684210526316,3.673,2.1665,7.1,0.0,-0.5,0.0,0.03170395858793267,0.0027777795639021483,0.02627450030963527,-0.0037915803418796337,3.0,0.040000000000000036,-0.8199999999999998,2.170000000000001,2.170000000000001,2.130000000000001,2.0900000000000007,1.740000000000001,0.022463263865183974,0.01524252012041439,0.0805481683189711,-0.0032767528114081117,0.01120632018544556,0.007476451986663673,0.0,0.0,0.0,0.0
1993-06-01,2.8181818181818183,1.799090909090909,3.0105,2.0585,2.960869565217391,2.0256521739130435,3.4786363636363635,2.096363636363636,3.516818181818182,2.213636363636364,7.0,0.0,-0.7999999999999998,0.0,0.02953801243686409,0.0006932409289767081,0.028015425163185222,0.0022526473495332526,3.04,0.040000000000000036,-0.7199999999999998,2.1100000000000003,2.170000000000001,2.17,2.040000000000001,1.790000000000001,0.0007549434975973471,-0.002527189624818889,0.09881437610486556,-0.00252399896948195,0.014336533915550679,0.0015990002389392381,0.0,0.0,0.0,0.0
1993-07-01,2.6942857142857144,1.7333333333333332,2.8181818181818183,1.799090909090909,3.039047619047619,2.131904761904762,3.5289473684210524,2.21,3.5650000000000004,2.489090909090909,6.9,-0.1999999999999993,-0.7999999999999998,-0.06666666666666643,0.028072018778686307,0.0013850417726614787,0.021543603587567663,0.002693116497313298,3.06,0.020000000000000018,-0.18999999999999995,2.12,2.1100000000000003,2.170000000000001,2.0700000000000003,2.0,-0.005341285007793978,0.017876922354987352,0.054854784293194764,-0.00783759921996297,0.014072995170953893,-0.00011620475290517352,0.0,0.0,0.0,0.0
1993-08-01,2.5872727272727274,1.6763636363636365,2.6942857142857144,1.7333333333333332,3.0105,2.0585,3.2663157894736843,2.1605263157894736,3.3866666666666667,2.392857142857143,6.8,-0.2999999999999998,-0.7999999999999998,-0.10000000000000053,0.028013036227673888,0.002073972399129172,0.025944689811368556,-0.0012064683528300148,3.03,-0.03000000000000025,-0.27,1.92,2.12,2.170000000000001,2.130000000000001,2.0600000000000005,0.03385244141081636,0.029266099900619708,0.11299738917983093,0.0,0.013704648710845813,0.0010743790687474438,0.0,0.0,0.0,0.0
1993-09-01,2.3514285714285714,1.512857142857143,2.5872727272727274,1.6763636363636365,2.8181818181818183,1.799090909090909,2.960869565217391,2.0256521739130435,3.4466666666666663,2.520952380952381,6.7,-0.2999999999999998,-0.8999999999999995,-0.09999999999999964,0.027264883561806112,0.0013802624689582686,0.027943062955201797,0.00529148831573498,3.09,0.06000000000000005,-0.13000000000000034,1.9799999999999995,1.92,2.1100000000000003,2.17,2.1999999999999993,-0.010038144175098069,0.018473012227924215,0.09389485711938496,-0.00998793016480507,0.01221144500514552,0.001884632112356686,0.0,0.0,0.0,0.0
1993-10-01,2.242,1.4594999999999998,2.3514285714285714,1.512857142857143,2.6942857142857144,1.7333333333333332,3.039047619047619,2.131904761904762,3.656190476190477,2.5061904761904765,6.8,-0.10000000000000053,-0.5,-0.033333333333333215,0.027150989065950898,0.0041293933420111124,0.02851782469270568,0.007303652422302578,2.99,-0.09999999999999964,-0.10999999999999988,1.9799999999999995,1.9799999999999995,2.12,2.170000000000001,2.25,0.019207276337299777,0.0430215735730179,0.11099806586865915,0.0,0.009563331369832754,0.0013026677579221224,0.0,0.0,0.0,0.0
1993-11-01,2.5445,1.5685,2.242,1.4594999999999998,2.5872727272727274,1.6763636363636365,3.0105,2.0585,3.667368421052631,2.293684210526316,6.6,-0.20000000000000018,-0.8000000000000007,-0.06666666666666732,0.02707558660528153,0.002743485945750834,0.029291785447660888,0.004559005553249188,3.02,0.029999999999999805,-0.06999999999999984,1.9400000000000004,1.9799999999999995,1.92,2.170000000000001,2.0900000000000007,-0.012994692567740804,-0.003825560405539209,0.06819042112161919,-0.012910626083629112,0.012644079943587206,0.003869035258954797,0.0,0.0,0.0,0.0
1993-12-01,2.6463636363636365,1.5618181818181818,2.5445,1.5685,2.3514285714285714,1.512857142857143,2.8181818181818183,1.799090909090909,3.4786363636363635,2.096363636363636,6.5,-0.20000000000000018,-0.9000000000000004,-0.06666666666666643,0.02772180293027201,0.0020526863177422615,0.033509559928289745,0.005905270847029299,2.96,-0.06000000000000005,0.040000000000000036,1.9200000000000008,1.9400000000000004,1.9799999999999995,2.1100000000000003,2.040000000000001,0.010040598783039005,0.016253182552597854,0.06817399475633773,-0.0029497347430531874,0.014436707135269154,0.0012671717849164622,0.0,0.0,0.0,0.0
1994-01-01,2.706,1.6105,2.6463636363636365,1.5618181818181818,2.242,1.4594999999999998,2.6942857142857144,1.7333333333333332,3.5289473684210524,2.21,6.6,-0.20000000000000018,-0.7000000000000002,-0.06666666666666643,0.02421425812059453,0.0,0.032550696907973894,0.002873679466928268,3.05,0.08999999999999986,0.029999999999999805,1.9000000000000004,1.9200000000000008,1.9799999999999995,2.12,2.0700000000000003,0.03198376790603728,0.02902967412133535,0.0931364817542058,0.0,0.0161883430766109,0.00011511785202797132,0.0,0.0,0.0,0.0
1994-02-01,2.6426315789473684,1.4989473684210526,2.706,1.6105,2.5445,1.5685,2.5872727272727274,1.6763636363636365,3.2663157894736843,2.1605263157894736,6.6,0.0,-0.5,0.0,0.024845998586530804,0.002730377122857327,0.028329034858924948,0.0005827318302765504,3.25,0.20000000000000018,0.2200000000000002,1.79,1.9000000000000004,1.9400000000000004,1.92,2.130000000000001,-0.030505597516048102,0.011518769173028047,0.05220182878852282,-0.030044997286678567,0.01776482816058866,0.00023019595532257825,0.0,0.0,0.0,0.0
1994-03-01,2.891739130434783,1.4873913043478262,2.6426315789473684,1.4989473684210526,2.6463636363636365,1.5618181818181818,2.3514285714285714,1.512857142857143,2.960869565217391,2.0256521739130435,6.5,0.0,-0.5,0.0,0.02617229277326554,0.002722942458455884,0.039352839197924594,0.010149890606631377,3.34,0.08999999999999986,0.27,1.6500000000000004,1.79,1.9200000000000008,1.9799999999999995,2.17,-0.04682593067640036,-0.04534776028641124,-0.013148755130708054,-0.07441705410598656,0.019850328212592312,0.0012651314261110165,0.0,0.0,0.0,0.0
1994-04-01,3.1915789473684213,1.4226315789473685,2.891739130434783,1.4873913043478262,2.706,1.6105,2.242,1.4594999999999998,3.039047619047619,2.131904761904762,6.4,-0.1999999999999993,-0.6999999999999993,-0.06666666666666643,0.023368761007829402,0.0006795786873839003,0.04250957223694238,0.005896138042653182,3.56,0.2200000000000002,0.6000000000000001,1.5499999999999998,1.6500000000000004,1.9000000000000004,1.9799999999999995,2.170000000000001,0.011464671878566653,-0.0658668563138819,0.024061313735458792,-0.06374448749654339,0.020312336930756836,0.0003447582417002833,0.0,0.0,0.0,0.0
1994-05-01,2.915714285714285,1.2152380952380952,3.1915789473684213,1.4226315789473685,2.6426315789473684,1.4989473684210526,2.5445,1.5685,3.0105,2.0585,6.1,-0.5,-1.0,-0.16666666666666696,0.022626950929025804,0.0020359694850987584,0.050891648537369515,0.004590495958547496,4.01,0.44999999999999973,1.0099999999999998,1.4399999999999995,1.5499999999999998,1.79,1.9400000000000004,2.170000000000001,0.012320928865823515,-0.023040329932010193,0.013918978736098153,-0.052137592897358385,0.015561034003705558,0.0027251490596124396,0.0,0.0,0.0,0.0
1994-06-01,2.852272727272727,1.17,2.915714285714285,1.2152380952380952,2.891739130434783,1.4873913043478262,2.6463636363636365,1.5618181818181818,2.8181818181818183,1.799090909090909,6.1,-0.40000000000000036,-0.9000000000000004,-0.13333333333333286,0.02464190393692893,0.0027081939368795564,0.05536745087497225,0.006728449687135943,4.25,0.2400000000000002,1.21,1.5500000000000007,1.4399999999999995,1.6500000000000004,1.9200000000000008,2.1100000000000003,-0.02715623904644618,-0.003370638302056084,-0.0139922038079452,-0.0775316074699602,0.01071970276051481,-0.0032423310042515906,0.0,0.0,0.0,0.0
1994-07-01,2.8415,1.168,2.852272727272727,1.17,3.1915789473684213,1.4226315789473685,2.706,1.6105,2.6942857142857144,1.7333333333333332,6.1,-0.3000000000000007,-0.8000000000000007,-0.10000000000000053,0.026631823180793192,0.0033749610165260007,0.05400384005715764,0.0013295056794985713,4.26,0.009999999999999787,1.1999999999999997,1.5000000000000009,1.5500000000000007,1.5499999999999998,1.9000000000000004,2.12,0.031004268952847046,0.016168958772224507,0.022353350152695774,-0.04848316333992252,0.013333146063083372,0.0024972385496634425,0.0,0.0,0.0,0.0
1994-08-01,2.6243478260869564,1.058695652173913,2.8415,1.168,2.915714285714285,1.2152380952380952,2.6426315789473684,1.4989473684210526,2.5872727272727274,1.6763636363636365,6.0,-0.09999999999999964,-0.7999999999999998,-0.033333333333333215,0.028592825993843052,0.004034975212179082,0.0618921659229144,0.006681857512926958,4.47,0.20999999999999996,1.44,1.5,1.5000000000000009,1.4399999999999995,1.79,1.92,0.03690910079063622,0.04075713069703716,0.02541000953251561,-0.012707367586492348,0.01154180801669362,-0.0007169589776422917,0.0,0.0,0.0,0.0
1994-09-01,2.705714285714285,1.0647619047619048,2.6243478260869564,1.058695652173913,2.852272727272727,1.17,2.891739130434783,1.4873913043478262,2.3514285714285714,1.512857142857143,5.9,-0.1999999999999993,-0.7999999999999998,-0.06666666666666643,0.029223962124570423,0.002011398599685635,0.05974122686873156,0.0031405492615522437,4.73,0.2600000000000007,1.6400000000000006,1.5200000000000005,1.5,1.5500000000000007,1.6500000000000004,1.9799999999999995,-0.027245341243997485,0.04066802849948581,0.008202812463616236,-0.03924335971291767,0.009771923889201473,0.00011474798486454763,0.0,0.0,0.0,0.0
1994-10-01,2.6420000000000003,1.0154999999999998,2.705714285714285,1.0647619047619048,2.8415,1.168,3.1915789473684213,1.4226315789473685,2.242,1.4594999999999998,5.8,-0.2999999999999998,-1.0,-0.09999999999999876,0.025764136936131464,0.0006695681535722229,0.0604505056842873,0.008012931237858475,4.76,0.02999999999999936,1.7699999999999996,1.459999999999999,1.5200000000000005,1.5000000000000009,1.5499999999999998,1.9799999999999995,0.02061975964867581,0.03028351919531471,0.009615295774992644,-0.019227133011553606,0.007952786476737167,-0.0005164696545423475,0.0,0.0,0.0,0.0
1994-11-01,2.506,0.8065,2.6420000000000003,1.0154999999999998,2.6243478260869564,1.058695652173913,2.915714285714285,1.2152380952380952,2.5445,1.5685,5.6,-0.40000000000000036,-1.0,-0.13333333333333464,0.025694449374782723,0.002673798384402205,0.06270412308772269,0.006812622956684664,5.29,0.5300000000000002,2.27,1.3600000000000003,1.459999999999999,1.5,1.4399999999999995,1.9400000000000004,-0.04030609832475861,-0.04693167992008014,-0.017696109982025178,-0.057972184463275504,0.004915709954717326,0.0008319587369348757,0.0,0.0,0.0,0.0
1994-12-01,2.0490476190476192,0.2242857142857142,2.506,0.8065,2.705714285714285,1.0647619047619048,2.852272727272727,1.17,2.6463636363636365,1.5618181818181818,5.5,-0.40000000000000036,-1.0,-0.13333333333333375,0.025642430613337437,0.002000667556296969,0.06696527816292634,0.010166425922232955,5.45,0.16000000000000014,2.49,1.29,1.3600000000000003,1.5200000000000005,1.5500000000000007,1.9200000000000008,0.012224097678834906,-0.0074622409972477325,-0.015512611086229219,-0.04638607383022389,0.0034191014359734205,-0.00022943673382728127,0.0,0.0,0.0,0.0
1995-01-01,1.878,0.2725,2.0490476190476192,0.2242857142857142,2.6420000000000003,1.0154999999999998,2.8415,1.168,2.706,1.6105,5.6,-0.20000000000000018,-1.0,-0.06666666666666643,0.028303776162851724,0.0026613455495140817,0.06579213489393597,0.0017005361979378247,5.53,0.08000000000000007,2.4800000000000004,1.2999999999999998,1.29,1.459999999999999,1.5000000000000009,1.9000000000000004,0.023987692740722114,-0.004094307905201519,-0.023508686251544234,-0.02323450979875291,0.0050234773302424846,0.0017194937462971939,0.0,0.0,0.0,0.0
1995-02-01,1.53,0.3578947368421052,1.878,0.2725,2.506,0.8065,2.6243478260869564,1.058695652173913,2.6426315789473684,1.4989473684210526,5.4,-0.1999999999999993,-1.1999999999999993,-0.06666666666666643,0.02822768062486738,0.0026542815848727233,0.06408071575864756,-0.001128687305011684,5.92,0.3899999999999997,2.67,1.38,1.2999999999999998,1.3600000000000003,1.5,1.79,0.035438712774815286,0.0716505031943724,0.04243562403931932,0.0,0.0040771849290979125,-0.0007160964458222099,0.0,0.0,0.0,0.0
1995-03-01,1.2943478260869563,0.4291304347826086,1.53,0.3578947368421052,2.0490476190476192,0.2242857142857142,2.705714285714285,1.0647619047619048,2.891739130434783,1.4873913043478262,5.4,-0.09999999999999964,-1.0999999999999996,-0.0333333333333341,0.027490836138040826,0.0019860979716293243,0.055591126310303884,0.001660301158287747,5.98,0.0600000000000005,2.6400000000000006,1.4999999999999991,1.38,1.29,1.5200000000000005,1.6500000000000004,0.02696242010364243,0.08638882561917986,0.11622397481936206,0.0,0.0031558437942972362,0.0003437902913103889,0.0,0.0,0.0,0.0
1995-04-01,1.2247368421052631,0.4947368421052632,1.2943478260869563,0.4291304347826086,1.878,0.2725,2.6420000000000003,1.0154999999999998,3.1915789473684213,1.4226315789473685,5.8,0.20000000000000018,-0.6000000000000005,0.0666666666666682,0.030771658666753902,0.0039604012160971355,0.047967262477434,-0.0017277257902168243,6.05,0.0699999999999994,2.4899999999999998,1.54,1.4999999999999991,1.2999999999999998,1.459999999999999,1.5499999999999998,0.027576603842838925,0.08997773672129673,0.1323359067836343,0.0,0.005128583692959461,0.0023174981403624824,0.0,0.0,0.0,0.0
1995-05-01,0.785,0.4618181818181818,1.2247368421052631,0.4947368421052632,1.53,0.3578947368421052,2.506,0.8065,2.915714285714285,1.2152380952380952,5.6,0.1999999999999993,-0.5,0.13333333333333464,0.03071002348537261,0.001974334303717608,0.04827567350400535,0.004898906985118752,6.01,-0.040000000000000036,2.0,1.5699999999999994,1.54,1.38,1.3600000000000003,1.4399999999999995,0.03566797956572486,0.09020700351220598,0.15568295748353553,0.0,0.009522523845473916,0.007119089212126821,0.0,0.0,0.0,0.0
1995-06-01,0.5290909090909092,0.4522727272727272,0.785,0.4618181818181818,1.2943478260869563,0.4291304347826086,2.0490476190476192,0.2242857142857142,2.852272727272727,1.17,5.6,0.1999999999999993,-0.5,0.20000000000000107,0.029972273535791717,0.0019704439872987385,0.04485607524907356,0.0033088514322041876,6.0,-0.009999999999999787,1.75,1.7300000000000004,1.5699999999999994,1.4999999999999991,1.29,1.5500000000000007,0.021055316306170482,0.08429989971473416,0.2038945128361523,0.0,0.019749091013360028,0.006984236163634692,0.0,0.0,0.0,0.0
1995-07-01,0.6849999999999999,0.4979999999999999,0.5290909090909092,0.4522727272727272,1.2247368421052631,0.4947368421052632,1.878,0.2725,2.8415,1.168,5.7,-0.09999999999999964,-0.39999999999999947,0.16666666666666696,0.027908788117076443,0.0013114755978106555,0.03933667682946874,-0.004189892740106142,5.85,-0.15000000000000036,1.5899999999999999,1.759999999999999,1.7300000000000004,1.54,1.2999999999999998,1.5000000000000009,0.03128162759251219,0.08800492346440747,0.20417187147581745,0.0,0.022451195289635056,0.005199342825938259,0.0,0.0,0.0,0.0
1995-08-01,0.9226086956521738,0.5073913043478261,0.6849999999999999,0.4979999999999999,0.785,0.4618181818181818,1.53,0.3578947368421052,2.6243478260869564,1.058695652173913,5.7,0.10000000000000053,-0.2999999999999998,0.20000000000000107,0.02583780698955756,0.001963994084660022,0.04582414230899281,0.013169322992451013,5.74,-0.10999999999999943,1.2700000000000005,1.6999999999999993,1.759999999999999,1.5699999999999994,1.38,1.5,-0.0003202887643984275,0.05201665513428441,0.16694248192078276,-0.0003202374774278187,0.02920472729068137,0.0060365730234041275,0.0,0.0,0.0,0.0
1995-09-01,0.7635,0.3915,0.9226086956521738,0.5073913043478261,0.5290909090909092,0.4522727272727272,1.2943478260869563,0.4291304347826086,2.705714285714285,1.0647619047619048,5.6,0.0,-0.3000000000000007,0.20000000000000107,0.025133598118493316,0.0013071897286214247,0.046708769234919456,0.004025176187478833,5.8,0.05999999999999961,1.0699999999999994,1.7299999999999995,1.6999999999999993,1.7300000000000004,1.4999999999999991,1.5200000000000005,0.03931443269158869,0.07027577151970234,0.23350225585636877,0.0,0.03273337586299163,0.0036433965571747184,0.0,0.0,0.0,0.0
1995-10-01,0.6004761904761905,0.3476190476190476,0.7635,0.3915,0.6849999999999999,0.4979999999999999,1.2247368421052631,0.4947368421052632,2.6420000000000003,1.0154999999999998,5.5,-0.20000000000000018,-0.2999999999999998,0.13333333333333464,0.02707329432853481,0.0026092643636138452,0.03693673058615567,-0.0017591074109052918,5.76,-0.040000000000000036,1.0,1.71,1.7299999999999995,1.759999999999999,1.54,1.459999999999999,-0.004991773385712522,0.03400237054147767,0.2078907228219804,-0.004979335189770248,0.036381994152578936,0.003132148635044863,0.0,0.0,0.0,0.0
1995-11-01,0.4123809523809524,0.4514285714285714,0.6004761904761905,0.3476190476190476,0.9226086956521738,0.5073913043478261,0.785,0.4618181818181818,2.506,0.8065,5.6,-0.10000000000000053,0.0,0.10000000000000053,0.025701579461430944,0.0013020835172982007,0.03275611352410362,0.0026320058946327374,5.8,0.040000000000000036,0.5099999999999998,1.75,1.71,1.6999999999999993,1.5699999999999994,1.3600000000000003,0.04022886132135168,0.07455152062722771,0.28842568246809064,0.0,0.03734727920468343,0.001797243789039513,0.0,0.0,0.0,0.0
1995-12-01,0.4175,0.387,0.4123809523809524,0.4514285714285714,0.7635,0.3915,0.5290909090909092,0.4522727272727272,2.0490476190476192,0.2242857142857142,5.6,0.0,0.09999999999999964,0.10000000000000053,0.0250013022054174,0.0013003903002835552,0.026054512024954277,0.003464824423083626,5.6,-0.20000000000000018,0.14999999999999947,1.7800000000000002,1.75,1.7299999999999995,1.7300000000000004,1.29,0.017293475541394994,0.05253056347703425,0.29349506033065065,0.0,0.04022521253453976,0.0026484965960291863,0.0,0.0,0.0,0.0
1996-01-01,0.5019047619047619,0.54,0.4175,0.387,0.6004761904761905,0.3476190476190476,0.6849999999999999,0.4979999999999999,1.878,0.2725,5.6,0.09999999999999964,0.0,0.13333333333333375,0.027524673390089936,0.005184716734186895,0.018613897035648367,-0.005740078791368126,5.56,-0.040000000000000036,0.02999999999999936,1.8199999999999994,1.7800000000000002,1.71,1.759999999999999,1.2999999999999998,0.0320967312736511,0.0896190681363978,0.3016040988635797,0.0,0.04356248060114419,0.005056761812901561,0.0,0.0,0.0,0.0
1996-02-01,0.841,0.78,0.5019047619047619,0.54,0.4123809523809524,0.4514285714285714,0.9226086956521738,0.5073913043478261,1.53,0.3578947368421052,5.5,-0.09999999999999964,0.09999999999999964,0.10000000000000053,0.02680775114544342,0.0019373593402261763,0.03427174426712549,0.014529159926465458,5.22,-0.33999999999999986,-0.7000000000000002,1.8200000000000003,1.8199999999999994,1.75,1.6999999999999993,1.38,0.006909774215232251,0.056299981030278355,0.2730751603039966,0.0,0.0480817472876738,0.003803170240707491,0.0,0.0,0.0,0.0
1996-03-01,1.170952380952381,0.6076190476190476,0.841,0.78,0.4175,0.387,0.7635,0.3915,1.2943478260869563,0.4291304347826086,5.5,-0.09999999999999964,0.09999999999999964,0.06666666666666643,0.028042267873856247,0.003220614700042157,0.03138640047979782,-0.0012250426290402105,5.31,0.08999999999999986,-0.6700000000000008,1.7599999999999998,1.8200000000000003,1.7800000000000002,1.7299999999999995,1.4999999999999991,0.007885395976348094,0.04689190146523132,0.25399813617670214,0.0,0.05456912376251623,0.006831166766152583,0.0,0.0,0.0,0.0
1996-04-01,1.4236363636363636,0.5540909090909091,1.170952380952381,0.6076190476190476,0.5019047619047619,0.54,0.6004761904761905,0.3476190476190476,1.2247368421052631,0.4947368421052632,5.6,0.0,-0.20000000000000018,1.7763568394002505e-15,0.027932962559856812,0.0038510959020974724,0.04301534453053591,0.009901218260521438,5.22,-0.08999999999999986,-0.8300000000000001,1.6799999999999997,1.7599999999999998,1.8199999999999994,1.71,1.54,0.01334202010570647,0.02813719029728677,0.23976355243956982,0.0,0.055176633801365546,0.0029250081792119237,0.0,0.0,0.0,0.0
1996-05-01,1.583181818181818,0.6418181818181817,1.4236363636363636,0.5540909090909091,0.841,0.78,0.4123809523809524,0.4514285714285714,0.785,0.4618181818181818,5.6,0.09999999999999964,0.0,0.0333333333333341,0.027878628845963604,0.0019200005898244268,0.045562021168340565,0.007445583622923437,5.24,0.020000000000000462,-0.7699999999999996,1.5600000000000005,1.6799999999999997,1.8200000000000003,1.75,1.5699999999999994,0.02259617855050066,0.04382359463255508,0.22669175142434556,0.0,0.05127059394262083,0.0032130493533821026,0.0,0.0,0.0,0.0
1996-06-01,1.6805,0.615,1.583181818181818,0.6418181818181817,1.170952380952381,0.6076190476190476,0.4175,0.387,0.5290909090909092,0.4522727272727272,5.3,-0.20000000000000018,-0.2999999999999998,-0.03333333333333233,0.02782450610942905,0.001916321250764277,0.04984654797732038,0.007593378241183935,5.27,0.02999999999999936,-0.7300000000000004,1.4900000000000002,1.5600000000000005,1.7599999999999998,1.7800000000000002,1.7300000000000004,0.0022541674267919786,0.03819236608299904,0.20789060254496702,0.0,0.047757789259899236,0.0034714314809129927,0.0,0.0,0.0,0.0
1996-07-01,1.5672727272727272,0.5954545454545455,1.6805,0.615,1.4236363636363636,0.5540909090909091,0.5019047619047619,0.54,0.6849999999999999,0.4979999999999999,5.5,-0.09999999999999964,-0.20000000000000018,-0.0333333333333341,0.028425686497951505,0.0019126559863329874,0.054190186753135985,0.00015374603570960434,5.4,0.13000000000000078,-0.4499999999999993,1.4799999999999995,1.4900000000000002,1.6799999999999997,1.8199999999999994,1.759999999999999,-0.04682750899291917,-0.02197716301562654,0.12978146595953574,-0.0457480167192077,0.04647287043595362,0.003914424001992687,0.0,0.0,0.0,0.0
1996-08-01,1.4463636363636363,0.6063636363636363,1.5672727272727272,0.5954545454545455,1.583181818181818,0.6418181818181817,0.841,0.78,0.9226086956521738,0.5073913043478261,5.1,-0.5,-0.6000000000000005,-0.16666666666666607,0.0277347670600895,0.0012730746467981126,0.046126099045261035,0.005105235284575914,5.22,-0.1800000000000006,-0.5200000000000005,1.54,1.4799999999999995,1.5600000000000005,1.8200000000000003,1.6999999999999993,0.01863914203076116,-0.025934199535365937,0.1487408967546952,-0.02779478179133172,0.04228094644987534,0.0018446490373260648,0.0,0.0,0.0,0.0
1996-09-01,1.5945,0.598,1.4463636363636363,0.6063636363636363,1.6805,0.615,1.170952380952381,0.6076190476190476,0.7635,0.3915,5.2,-0.09999999999999964,-0.39999999999999947,-0.033333333333333215,0.02960319130535467,0.003175613973886599,0.048340554975996416,0.006239632118214098,5.3,0.08000000000000007,-0.5,1.5199999999999996,1.54,1.4900000000000002,1.7599999999999998,1.7299999999999995,0.05278534169307636,0.02459697473091832,0.16221180575618296,0.0,0.04114508715239036,0.0025075372596896615,0.0,0.0,0.0,0.0
1996-10-01,1.4104545454545454,0.620909090909091,1.5945,0.598,1.5672727272727272,0.5954545454545455,1.4236363636363636,0.5540909090909091,0.6004761904761905,0.3476190476190476,5.2,-0.2999999999999998,-0.2999999999999998,-0.09999999999999964,0.030159488306301538,0.003165561364560711,0.05039575643691953,0.00029609405001772743,5.24,-0.05999999999999961,-0.5199999999999996,1.54,1.5199999999999996,1.4799999999999995,1.6799999999999997,1.71,0.025766184810720273,0.09719066853455768,0.19296976395261572,0.0,0.04316827400322499,0.005155335485879606,0.0,0.0,0.0,0.0
1996-11-01,1.0342105263157897,0.5021052631578947,1.4104545454545454,0.620909090909091,1.4463636363636363,0.6063636363636363,1.583181818181818,0.6418181818181817,0.4123809523809524,0.4514285714285714,5.4,0.3000000000000007,-0.1999999999999993,0.09999999999999964,0.03201297698781311,0.003155572198809847,0.05690853571435576,0.009144785172068856,5.31,0.0699999999999994,-0.4900000000000002,1.5899999999999999,1.54,1.54,1.5600000000000005,1.75,0.07080896305654677,0.14936048956034328,0.22354986568781077,0.0,0.04726435981482979,0.005893329600644253,0.0,0.0,0.0,0.0
1996-12-01,1.261904761904762,0.5204761904761904,1.0342105263157897,0.5021052631578947,1.5945,0.598,1.6805,0.615,0.4175,0.387,5.4,0.20000000000000018,-0.1999999999999993,0.16666666666666607,0.03322989449890764,0.0025173078113778927,0.059830359383729,0.006386648092456734,5.29,-0.019999999999999574,-0.3099999999999996,1.5899999999999999,1.5899999999999999,1.5199999999999996,1.4900000000000002,1.7800000000000002,-0.021740025620189604,0.07483512224707736,0.1845163645262262,-0.021505414489508035,0.0507889655544688,0.0061731023356679715,0.0,0.0,0.0,0.0
1997-01-01,1.413333333333333,0.570952380952381,1.261904761904762,0.5204761904761904,1.4104545454545454,0.620909090909091,1.5672727272727272,0.5954545454545455,0.5019047619047619,0.54,5.3,0.09999999999999964,-0.2999999999999998,0.20000000000000018,0.029929008777094337,0.0018838310123735441,0.06715430854896534,0.0015838703738682285,5.25,-0.040000000000000036,-0.3099999999999996,1.5099999999999998,1.5899999999999999,1.54,1.4799999999999995,1.8199999999999994,0.059510626546169565,0.10857956398252666,0.2119302597987445,0.0,0.04991346734649421,0.004181263604927103,0.0,0.0,0.0,0.0
1997-02-01,1.2773684210526317,0.5210526315789474,1.413333333333333,0.570952380952381,1.0342105263157897,0.5021052631578947,1.4463636363636363,0.6063636363636363,0.841,0.78,5.2,-0.20000000000000018,-0.2999999999999998,0.13333333333333286,0.029871938301720087,0.0018802888648519064,0.06449296542209597,0.011867816799596038,5.19,-0.05999999999999961,-0.02999999999999936,1.5200000000000005,1.5099999999999998,1.5899999999999999,1.54,1.8200000000000003,0.005910091189056064,0.043680692115036196,0.21093057677256857,0.0,0.049156817448260365,0.003046520342473685,0.0,0.0,0.0,0.0
1997-03-01,1.41,0.4725,1.2773684210526317,0.5210526315789474,1.261904761904762,0.5204761904761904,1.5945,0.598,1.170952380952381,0.6076190476190476,5.2,-0.20000000000000018,-0.2999999999999998,0.06666666666666643,0.0272773017128855,0.0006259781112076208,0.07204408821124611,0.006326080160110062,5.39,0.1999999999999993,0.08000000000000007,1.4899999999999993,1.5200000000000005,1.5899999999999999,1.5199999999999996,1.7599999999999998,-0.04354863618214284,0.02187208155308304,0.15949654461407778,-0.04261401064074873,0.04619201942980302,0.0038663687476953013,0.0,0.0,0.0,0.0
1997-04-01,1.580909090909091,0.4372727272727272,1.41,0.4725,1.413333333333333,0.570952380952381,1.4104545454545454,0.620909090909091,1.4236363636363636,0.5540909090909091,5.1,-0.20000000000000018,-0.5,0.0,0.02405179231852233,0.0006255865077341677,0.06331438446609332,0.0011715145153684302,5.51,0.1200000000000001,0.29000000000000004,1.4500000000000002,1.4899999999999993,1.5099999999999998,1.54,1.6799999999999997,0.05676360503236183,0.019125060039275173,0.202918129540733,0.0,0.04735065394706012,0.0040836426964692306,0.0,0.0,0.0,0.0
1997-05-01,1.5142857142857142,0.4342857142857143,1.580909090909091,0.4372727272727272,1.2773684210526317,0.5210526315789474,1.0342105263157897,0.5021052631578947,1.583181818181818,0.6418181818181817,4.9,-0.2999999999999998,-0.6999999999999993,-0.10000000000000053,0.022131791728697812,0.0,0.061393161820736765,0.005524360977567013,5.5,-0.009999999999999787,0.2599999999999998,1.4899999999999993,1.4500000000000002,1.5200000000000005,1.5899999999999999,1.5600000000000005,0.05692544457452352,0.07014041342474268,0.23724739556475619,0.0,0.04727942685825088,0.003141822264572726,0.0,0.0,0.0,0.0
1997-06-01,1.4228571428571428,0.3990476190476191,1.5142857142857142,0.4342857142857143,1.41,0.4725,1.261904761904762,0.5204761904761904,1.6805,0.615,5.0,-0.20000000000000018,-0.2999999999999998,-0.06666666666666643,0.02208988527228368,0.0018744147943501304,0.05838522012731702,0.004585436547764169,5.56,0.05999999999999961,0.29000000000000004,1.5299999999999994,1.4899999999999993,1.4899999999999993,1.5899999999999999,1.4900000000000002,0.04253503662890388,0.15622408623578946,0.27752826476686804,0.0,0.04811834687846012,0.004310351501122263,0.0,0.0,0.0,0.0
1997-07-01,1.0259090909090909,0.3295454545454545,1.4228571428571428,0.3990476190476191,1.580909090909091,0.4372727272727272,1.413333333333333,0.570952380952381,1.5672727272727272,0.5954545454545455,4.9,-0.1999999999999993,-0.5999999999999996,-0.06666666666666643,0.021424890084106057,0.0012476607981552772,0.0667374167513179,0.008505942659710573,5.52,-0.040000000000000036,0.11999999999999922,1.5300000000000002,1.5299999999999994,1.4500000000000002,1.5099999999999998,1.4799999999999995,0.07524272255849243,0.17470320376192017,0.3995984963182797,0.0,0.048776147600573284,0.004572224724105594,0.0,0.0,0.0,0.0
1997-08-01,1.019047619047619,0.3595238095238095,1.0259090909090909,0.3295454545454545,1.5142857142857142,0.4342857142857143,1.2773684210526317,0.5210526315789474,1.4463636363636363,0.6063636363636363,4.8,-0.10000000000000053,-0.2999999999999998,-0.033333333333333215,0.02264247674975997,0.0024906613124518304,0.07158712756032741,0.009954946093585422,5.54,0.020000000000000462,0.3200000000000003,1.5200000000000005,1.5300000000000002,1.4899999999999993,1.5200000000000005,1.54,-0.05918289529406516,0.05859486389333142,0.32177645899345336,-0.057465631708528364,0.05543268536085709,0.008501186797609753,0.0,0.0,0.0,0.0
1997-09-01,1.1238095238095238,0.3266666666666666,1.019047619047619,0.3595238095238095,1.4228571428571428,0.3990476190476191,1.41,0.4725,1.5945,0.598,4.9,-0.09999999999999964,-0.2999999999999998,-0.0333333333333341,0.02195133610353526,0.002484473327661744,0.07446507089868742,0.009117575456574148,5.54,0.0,0.2400000000000002,1.4900000000000002,1.5200000000000005,1.5299999999999994,1.4899999999999993,1.5199999999999996,0.05178908254907495,0.06784890981350224,0.3207801998494521,-0.007366545755261373,0.05688455053747357,0.003959402436306261,0.0,0.0,0.0,0.0
1997-10-01,0.916818181818182,0.2577272727272727,1.1238095238095238,0.3266666666666666,1.0259090909090909,0.3295454545454545,1.580909090909091,0.4372727272727272,1.4104545454545454,0.620909090909091,4.7,-0.20000000000000018,-0.5,-0.06666666666666643,0.020645087329157718,0.0018593125901834146,0.0829968268306649,0.008827849981995333,5.5,-0.040000000000000036,0.2599999999999998,1.54,1.4900000000000002,1.5300000000000002,1.4500000000000002,1.54,-0.03508607782077316,-0.04247989056576339,0.25992793721795865,-0.041590261595230965,0.05655007456526168,0.004820859513667692,0.0,0.0,0.0,0.0
1997-11-01,0.5938888888888889,0.1622222222222222,0.916818181818182,0.2577272727272727,1.019047619047619,0.3595238095238095,1.5142857142857142,0.4342857142857143,1.0342105263157897,0.5021052631578947,4.6,-0.20000000000000018,-0.8000000000000007,-0.06666666666666643,0.01872713905069773,0.0012376239203498564,0.08169633055362464,0.007844288895028653,5.52,0.019999999999999574,0.20999999999999996,1.54,1.54,1.5200000000000005,1.4899999999999993,1.5899999999999999,0.04362145338032778,0.06032445810862953,0.23274042754173968,0.0,0.0562767719959493,0.0056200270313317225,0.0,0.0,0.0,0.0
1997-12-01,0.504090909090909,0.0936363636363636,0.5938888888888889,0.1622222222222222,1.1238095238095238,0.3266666666666666,1.4228571428571428,0.3990476190476191,1.261904761904762,0.5204761904761904,4.7,-0.20000000000000018,-0.7000000000000002,-0.06666666666666643,0.016828069280650254,0.0006182380413302749,0.07955912604408438,0.004249443582916469,5.5,-0.019999999999999574,0.20999999999999996,1.5100000000000007,1.54,1.4900000000000002,1.5299999999999994,1.5899999999999999,0.015609138181524677,0.02414451374107921,0.2700895913434539,0.0,0.0546018568489526,0.0044981871886715435,0.0,0.0,0.0,0.0
1998-01-01,0.3655,0.1875,0.504090909090909,0.0936363636363636,0.916818181818182,0.2577272727272727,1.0259090909090909,0.3295454545454545,1.413333333333333,0.570952380952381,4.6,-0.10000000000000053,-0.7000000000000002,-0.033333333333333215,0.016179568876269267,0.0012353306079925864,0.08234903994616358,0.004373784275947398,5.56,0.05999999999999961,0.3099999999999996,1.6500000000000004,1.5100000000000007,1.54,1.5300000000000002,1.5099999999999998,0.010099010336863458,0.06932960189871572,0.22067797513414772,0.0,0.05618144783574078,0.0057608545917149515,0.0,0.0,0.0,0.0
1998-02-01,0.3447368421052632,0.1568421052631579,0.3655,0.1875,0.5938888888888889,0.1622222222222222,1.019047619047619,0.3595238095238095,1.2773684210526317,0.5210526315789474,4.6,0.0,-0.6000000000000005,0.0,0.014299280011417346,0.0,0.07209871276483526,0.0016174896182678791,5.51,-0.04999999999999982,0.3199999999999994,1.6799999999999997,1.6500000000000004,1.54,1.5200000000000005,1.5200000000000005,0.06807836648858762,0.09378651500697566,0.28284625043367917,0.0,0.061164337981650524,0.008029410488383388,0.0,0.0,0.0,0.0
1998-03-01,0.4854545454545454,0.0859090909090909,0.3447368421052632,0.1568421052631579,0.504090909090909,0.0936363636363636,1.1238095238095238,0.3266666666666666,1.41,0.4725,4.7,0.0,-0.5,-8.881784197001252e-16,0.013673301900209642,0.0,0.06612422361685104,0.0003515910121257895,5.49,-0.019999999999999574,0.10000000000000053,1.67,1.6799999999999997,1.5100000000000007,1.4900000000000002,1.4899999999999993,0.048738462205499475,0.12691583903095038,0.37513334882132154,0.0,0.0634906943104582,0.006192725076502917,0.0,0.0,0.0,0.0
1998-04-01,0.5547619047619048,0.0733333333333333,0.4854545454545454,0.0859090909090909,0.3655,0.1875,0.916818181818182,0.2577272727272727,1.580909090909091,0.4372727272727272,4.3,-0.2999999999999998,-0.7999999999999998,-0.09999999999999964,0.014281521841403815,0.001233806448928344,0.06837809228209611,0.003425383180613593,5.45,-0.040000000000000036,-0.05999999999999961,1.6900000000000004,1.67,1.6500000000000004,1.54,1.4500000000000002,0.009035525668709443,0.12585235436279663,0.32740526945766907,0.0,0.06568243716032413,0.006275385546335147,0.0,0.0,0.0,0.0
1998-05-01,0.5125,0.059,0.5547619047619048,0.0733333333333333,0.3447368421052632,0.1568421052631579,0.5938888888888889,0.1622222222222222,1.5142857142857142,0.4342857142857143,4.4,-0.1999999999999993,-0.5,-0.06666666666666643,0.0167445772738017,0.0024630554323978138,0.06942344383794109,0.006569712533411788,5.49,0.040000000000000036,-0.009999999999999787,1.6499999999999995,1.6900000000000004,1.6799999999999997,1.54,1.4899999999999993,-0.01900569265965794,0.03876829521455106,0.2514741322234876,-0.018826223261468406,0.06836872666509572,0.005828111769344564,0.0,0.0,0.0,0.0
1998-06-01,0.3722727272727272,-0.0236363636363636,0.5125,0.059,0.4854545454545454,0.0859090909090909,0.504090909090909,0.0936363636363636,1.4228571428571428,0.3990476190476191,4.5,-0.20000000000000018,-0.5,-0.06666666666666732,0.016099418934181115,0.0012292564547299115,0.05882135200403116,-0.006016655286145735,5.56,0.0699999999999994,0.0,1.63,1.6499999999999995,1.67,1.5100000000000007,1.5299999999999994,0.03868041398243032,0.02871024699148201,0.24761950957701387,0.0,0.06877779459613421,0.004719419432160783,0.0,0.0,0.0,0.0
1998-07-01,0.3668181818181818,0.0031818181818181,0.3722727272727272,-0.0236363636363636,0.5547619047619048,0.0733333333333333,0.3655,0.1875,1.0259090909090909,0.3295454545454545,4.5,0.20000000000000018,-0.40000000000000036,0.06666666666666732,0.017305747097592427,0.002453988961566566,0.04646242265080677,-0.0038529866935137326,5.54,-0.019999999999999574,0.020000000000000462,1.6900000000000004,1.63,1.6900000000000004,1.6500000000000004,1.5300000000000002,-0.01168331178413525,0.007991409538637249,0.16069347523438623,-0.011615326917385385,0.06890282096514984,0.004697251093121054,0.0,0.0,0.0,0.0
1998-08-01,0.3009523809523809,0.0733333333333333,0.3668181818181818,0.0031818181818181,0.5125,0.059,0.3447368421052632,0.1568421052631579,1.019047619047619,0.3595238095238095,4.5,0.09999999999999964,-0.2999999999999998,0.10000000000000053,0.01603982568103658,0.0012247398958958697,0.05699937761549903,0.020491901058277615,5.55,0.009999999999999787,0.009999999999999787,1.7999999999999998,1.6900000000000004,1.6499999999999995,1.6799999999999997,1.5200000000000005,-0.15758607868343158,-0.13058897648513648,0.06229029184501984,-0.1557185686215423,0.0663073732416691,0.005905739074129273,0.0,0.0,0.0,0.0
1998-09-01,0.0676190476190476,0.1404761904761904,0.3009523809523809,0.0733333333333333,0.3722727272727272,-0.0236363636363636,0.4854545454545454,0.0859090909090909,1.1238095238095238,0.3266666666666666,4.6,0.09999999999999964,-0.3000000000000007,0.13333333333333375,0.01416716026478027,0.0006118079114054928,0.04734947424396386,-0.0005323279149609439,5.51,-0.040000000000000036,-0.03000000000000025,2.2800000000000002,1.7999999999999998,1.63,1.67,1.4900000000000002,0.06052627819818775,-0.10874311226937916,0.07102748749413258,-0.10303919386909524,0.07152839402229477,0.009180423216931743,0.0,0.0,0.0,0.0
1998-10-01,0.4595238095238095,0.438095238095238,0.0676190476190476,0.1404761904761904,0.3668181818181818,0.0031818181818181,0.5547619047619048,0.0733333333333333,0.916818181818182,0.2577272727272727,4.5,0.0,-0.20000000000000018,0.13333333333333375,0.014751343087072764,0.002443495412475845,0.0453346233568202,0.0068129990948516675,5.07,-0.4399999999999995,-0.4299999999999997,2.6499999999999995,2.2800000000000002,1.6900000000000004,1.6900000000000004,1.54,0.0772334378916789,-0.019826362593565128,0.1833470032065845,-0.031018417885415782,0.07608304047087888,0.009375505962251899,0.0,0.0,0.0,0.0
1998-11-01,0.2963157894736842,0.2873684210526315,0.4595238095238095,0.438095238095238,0.3009523809523809,0.0733333333333333,0.5125,0.059,0.5938888888888889,0.1622222222222222,4.4,-0.09999999999999964,-0.1999999999999993,0.10000000000000053,0.014733231512984087,0.0012195123462611901,0.036731907297259385,-0.0007584271645323297,4.83,-0.2400000000000002,-0.6899999999999995,2.51,2.6499999999999995,1.7999999999999998,1.6499999999999995,1.54,0.05744403620469628,0.19520375229456285,0.19716958603095303,0.0,0.07940639733195676,0.008943383892409576,0.0,0.0,0.0,0.0
1998-12-01,0.1481818181818182,0.1386363636363636,0.2963157894736842,0.2873684210526315,0.0676190476190476,0.1404761904761904,0.3722727272727272,-0.0236363636363636,0.504090909090909,0.0936363636363636,4.4,-0.1999999999999993,-0.2999999999999998,0.0333333333333341,0.015941477997688185,0.0018264845260345028,0.03700261330779341,0.004520149593450593,4.68,-0.15000000000000036,-0.8200000000000003,2.58,2.51,2.2800000000000002,1.63,1.5100000000000007,0.05484350764671907,0.1895209817430942,0.23640395549614746,0.0,0.08155793311731901,0.006649722974033773,0.0,0.0,0.0,0.0
1999-01-01,0.2757894736842105,0.1068421052631579,0.1481818181818182,0.1386363636363636,0.4595238095238095,0.438095238095238,0.3668181818181818,0.0031818181818181,0.3655,0.1875,4.3,-0.20000000000000018,-0.2999999999999998,-0.03333333333333233,0.016529301951210506,0.0018231545615149567,0.03694007413682504,0.0043112451049789466,4.63,-0.04999999999999982,-0.9299999999999997,2.5700000000000003,2.58,2.6499999999999995,1.6900000000000004,1.6500000000000004,0.04019085861548223,0.15247840246689764,0.2664958037747662,0.0,0.0820395520357221,0.0062424735101180625,0.0,0.0,0.0,0.0
1999-02-01,0.4436842105263158,0.1226315789473684,0.2757894736842105,0.1068421052631579,0.2963157894736842,0.2873684210526315,0.3009523809523809,0.0733333333333333,0.3447368421052632,0.1568421052631579,4.4,0.0,-0.1999999999999993,0.0,0.016529301951210506,0.0,0.04138566416890424,0.0060630796503469905,4.76,0.1299999999999999,-0.75,2.3899999999999997,2.5700000000000003,2.51,1.7999999999999998,1.6799999999999997,-0.03281513760025149,0.06221922866194978,0.16560229968592732,-0.03228256237759128,0.0791750678533506,0.005164926306011845,0.0,0.0,0.0,0.0
1999-03-01,0.6660869565217391,0.1795652173913043,0.4436842105263158,0.1226315789473684,0.1481818181818182,0.1386363636363636,0.0676190476190476,0.1404761904761904,0.4854545454545454,0.0859090909090909,4.2,-0.20000000000000018,-0.5,-0.06666666666666732,0.017136282242987237,0.0006069802917767355,0.04330012584622393,0.0022660526894455304,4.81,0.04999999999999982,-0.6800000000000006,2.3,2.3899999999999997,2.58,2.2800000000000002,1.67,0.038060632258911854,0.04543635327414272,0.1549244697393396,0.0,0.07451760904065545,0.0015352662638077731,0.0,0.0,0.0,0.0
1999-04-01,0.7754545454545454,0.2077272727272727,0.6660869565217391,0.1795652173913043,0.2757894736842105,0.1068421052631579,0.4595238095238095,0.438095238095238,0.5547619047619048,0.0733333333333333,4.3,0.0,0.0,8.881784197001252e-16,0.022555055515086367,0.006652579721027396,0.042170728757117255,0.0022959860915069004,4.74,-0.0699999999999994,-0.71,2.3000000000000007,2.3,2.5700000000000003,2.6499999999999995,1.6900000000000004,0.03724185997213077,0.04248735463079138,0.18313080404276103,0.0,0.07471852227142833,0.006476298777107939,0.0,0.0,0.0,0.0
1999-05-01,0.9085,0.285,0.7754545454545454,0.2077272727272727,0.4436842105263158,0.1226315789473684,0.2963157894736842,0.2873684210526315,0.5125,0.059,4.2,-0.20000000000000018,-0.20000000000000018,-0.06666666666666643,0.020694591242832957,0.0006025911601442921,0.04190366348209049,0.006302647258384999,4.74,0.0,-0.75,2.1799999999999997,2.3000000000000007,2.3899999999999997,2.51,1.6499999999999995,-0.025287532336114905,0.05001495989492786,0.1768489643663041,-0.024970480796175098,0.0744115198048877,0.005521109302803911,0.0,0.0,0.0,0.0
1999-06-01,1.184090909090909,0.2809090909090909,0.9085,0.285,0.6660869565217391,0.1795652173913043,0.1481818181818182,0.1386363636363636,0.3722727272727272,-0.0236363636363636,4.3,0.09999999999999964,-0.20000000000000018,0.033333333333333215,0.01946533478810325,0.0,0.04713564085622764,-0.0007846779120085432,4.76,0.019999999999999574,-0.7999999999999998,2.119999999999999,2.1799999999999997,2.3,2.58,1.63,0.05300823759008801,0.06496256522610398,0.19117678797396173,0.0,0.07456196912690838,0.004869868754181524,0.0,0.0,0.0,0.0
1999-07-01,1.1061904761904762,0.2371428571428571,1.184090909090909,0.2809090909090909,0.7754545454545454,0.2077272727272727,0.2757894736842105,0.1068421052631579,0.3668181818181818,0.0031818181818181,4.3,0.0,-0.20000000000000018,0.033333333333333215,0.02121934722674172,0.004208001400205049,0.056758129867752485,0.005769502318011012,4.99,0.23000000000000043,-0.5499999999999998,2.16,2.119999999999999,2.3000000000000007,2.5700000000000003,1.6900000000000004,-0.0325708089457425,-0.004850103691769333,0.17028929081235444,-0.0320460923910917,0.0759244044003062,0.006059686366518929,0.0,0.0,0.0,0.0
1999-08-01,1.0654545454545454,0.2609090909090909,1.1061904761904762,0.2371428571428571,0.9085,0.285,0.4436842105263158,0.1226315789473684,0.3009523809523809,0.0733333333333333,4.2,0.0,-0.2999999999999998,0.033333333333333215,0.022391253175445422,0.0023966458445996747,0.04027347197309978,0.004007243163624992,5.07,0.08000000000000007,-0.47999999999999954,2.21,2.16,2.1799999999999997,2.3899999999999997,1.7999999999999998,-0.006273730443188987,0.014163698201156531,0.32160163905259714,-0.038099764878295174,0.07382584634232274,0.003807181016145575,0.0,0.0,0.0,0.0
1999-09-01,1.0928571428571427,0.2533333333333333,1.0654545454545454,0.2609090909090909,1.184090909090909,0.2809090909090909,0.6660869565217391,0.1795652173913043,0.0676190476190476,0.1404761904761904,4.2,-0.09999999999999964,-0.39999999999999947,0.0,0.025959803695797812,0.004180358431757811,0.036760538842608666,-0.004045261045452114,5.22,0.14999999999999947,-0.29000000000000004,2.2799999999999994,2.21,2.119999999999999,2.3,2.2800000000000002,-0.028967323421100265,-0.06781186281003171,0.23210803743330918,-0.06556374074719615,0.06817554793371265,0.0035301248083217606,0.0,0.0,0.0,0.0
1999-10-01,1.0885,0.2495,1.0928571428571427,0.2533333333333333,1.1061904761904762,0.2371428571428571,0.7754545454545454,0.2077272727272727,0.4595238095238095,0.438095238095238,4.1,-0.20000000000000018,-0.40000000000000036,-0.06666666666666643,0.025302554664785905,0.0017862463814640643,0.04209642364655583,0.012148883898798781,5.2,-0.019999999999999574,0.1299999999999999,2.2700000000000005,2.2799999999999994,2.16,2.3000000000000007,2.6499999999999995,0.06066183660855315,0.025420782744263945,0.2155364361501837,-0.007124525577044153,0.0640175400269527,0.005217498055491976,0.0,0.0,0.0,0.0
1999-11-01,0.8065,0.172,1.0885,0.2495,1.0654545454545454,0.2609090909090909,0.9085,0.285,0.2963157894736842,0.2873684210526315,4.1,-0.10000000000000053,-0.3000000000000007,-0.033333333333333215,0.02586610371218127,0.0017830613936565222,0.04769052691251297,0.004835676101425003,5.42,0.21999999999999975,0.5899999999999999,2.12,2.2700000000000005,2.21,2.1799999999999997,2.51,0.01888245796159326,0.050576971149046294,0.17697485790708067,0.0,0.05922430604262108,0.004150149908077991,0.0,0.0,0.0,0.0
1999-12-01,0.9186363636363636,0.1709090909090909,0.8065,0.172,1.0928571428571427,0.2533333333333333,1.184090909090909,0.2809090909090909,0.1481818181818182,0.1386363636363636,4.0,-0.20000000000000018,-0.40000000000000036,-0.06666666666666732,0.026412099539777276,0.0023724803536303955,0.05085391115420897,0.007683533835146547,5.3,-0.1200000000000001,0.6200000000000001,1.9099999999999993,2.12,2.2799999999999994,2.119999999999999,2.58,0.05623277504510495,0.1357770696152514,0.17836412530546644,0.0,0.05851983952487299,0.005945256456285858,0.0,0.0,0.0,0.0
2000-01-01,1.162,0.221,0.9186363636363636,0.1709090909090909,1.0885,0.2495,1.1061904761904762,0.2371428571428571,0.2757894736842105,0.1068421052631579,4.0,-0.09999999999999964,-0.2999999999999998,-0.033333333333333215,0.02754665195549507,0.002957706977232991,0.0451736806639158,-0.0013689853853143382,5.45,0.15000000000000036,0.8200000000000003,1.67,1.9099999999999993,2.2700000000000005,2.16,2.5700000000000003,-0.05224485096542008,0.022870382041278205,0.08592841572456428,-0.05090354879190063,0.05835889417619851,0.006081528161443442,0.0,0.0,0.0,0.0
2000-02-01,0.7925,-0.091,1.162,0.221,0.8065,0.172,1.0654545454545454,0.2609090909090909,0.4436842105263158,0.1226315789473684,4.1,0.0,-0.3000000000000007,0.0,0.031672799866667115,0.004126147911171987,0.042229026724559506,0.00311842571099073,5.73,0.28000000000000025,0.9700000000000006,1.7699999999999996,1.67,2.12,2.21,2.3899999999999997,-0.020313002436901425,-0.016325078357216614,0.0984305508879142,-0.069988059251106,0.05603934605348036,0.0028453781832937035,0.0,0.0,0.0,0.0
2000-03-01,0.3926086956521739,-0.2717391304347826,0.7925,-0.091,0.9186363636363636,0.1709090909090909,1.0928571428571427,0.2533333333333333,0.6660869565217391,0.1795652173913043,4.0,0.0,-0.20000000000000018,0.0,0.036930939027288556,0.005865119452398058,0.043512386564793226,0.0035494125296792515,5.85,0.11999999999999922,1.04,2.1099999999999994,1.7699999999999996,1.9099999999999993,2.2799999999999994,2.3,0.09232375063667664,0.019765897234355154,0.15269366926567896,0.0,0.0610624577464071,0.006558377956734522,0.0,0.0,0.0,0.0
2000-04-01,0.1689473684210526,-0.4131578947368421,0.3926086956521739,-0.2717391304347826,1.162,0.221,1.0885,0.2495,0.7754545454545454,0.2077272727272727,3.8,-0.20000000000000018,-0.5,-0.06666666666666687,0.02969339292514635,-0.0005849663811145648,0.047150981884333795,0.005934581411047356,6.02,0.16999999999999993,1.2799999999999994,2.41,2.1099999999999994,1.67,2.2700000000000005,2.3000000000000007,-0.03127991095339023,0.04073083724638495,0.08417189834015781,-0.030795755780191322,0.06642236445400854,0.01183620548470927,0.0,0.0,1.0,0.0
2000-05-01,0.4459090909090909,-0.3690909090909091,0.1689473684210526,-0.4131578947368421,0.7925,-0.091,0.8065,0.172,0.9085,0.285,4.0,-0.09999999999999964,-0.20000000000000018,-0.03333333333333277,0.030844675351098354,0.0017538735860964214,0.04355236667935543,0.002704032053406759,6.27,0.25,1.5299999999999994,2.46,2.41,1.7699999999999996,2.12,2.1799999999999997,-0.02215875239575553,0.03888508728753087,0.08730067828051725,-0.05203591583731571,0.05836017119868358,-0.0025410839525209145,0.0,0.0,1.0,0.0
2000-06-01,0.2354545454545454,-0.3845454545454546,0.4459090909090909,-0.3690909090909091,0.3926086956521739,-0.2717391304347826,0.9186363636363636,0.1709090909090909,1.184090909090909,0.2809090909090909,4.0,0.0,-0.2999999999999998,0.0,0.036668803637087126,0.005824128285988713,0.044727501317746554,0.00039045672638256544,6.53,0.2600000000000007,1.7700000000000005,2.380000000000001,2.46,2.1099999999999994,1.9099999999999993,2.119999999999999,0.02365163155843237,-0.029787031790713386,0.05794407224886151,-0.029347770394938504,0.05724714104820532,0.003756838603703369,0.0,0.0,1.0,0.0
2000-07-01,-0.0885,-0.285,0.2354545454545454,-0.3845454545454546,0.1689473684210526,-0.4131578947368421,1.162,0.221,1.1061904761904762,0.2371428571428571,4.0,0.20000000000000018,-0.2999999999999998,0.06666666666666643,0.035360195395884496,0.0028993931590025786,0.037005266546147234,-0.001952732453588419,6.54,0.009999999999999787,1.5499999999999998,2.3,2.380000000000001,2.41,1.67,2.16,-0.016476267193485265,-0.014983388030808413,0.07403861400111891,-0.045209466285913415,0.054888490804187416,0.0037010361225012674,0.0,0.0,1.0,0.0
2000-08-01,-0.4513043478260869,-0.4026086956521739,-0.0885,-0.285,0.4459090909090909,-0.3690909090909091,0.7925,-0.091,1.0654545454545454,0.2609090909090909,4.1,0.09999999999999964,-0.10000000000000053,0.09999999999999876,0.03296354955128475,0.0,0.03027138998976699,-0.002726633392755117,6.5,-0.040000000000000036,1.4299999999999997,2.4299999999999997,2.3,2.46,1.7699999999999996,2.21,0.05892822369153254,0.06610358805647977,0.13924056813584035,0.0,0.056949724681691384,0.005868414893649434,0.0,0.0,1.0,0.0
2000-09-01,-0.376,-0.2825,-0.4513043478260869,-0.4026086956521739,0.2354545454545454,-0.3845454545454546,0.3926086956521739,-0.2717391304347826,1.0928571428571427,0.2533333333333333,3.9,-0.10000000000000009,-0.30000000000000027,0.06666666666666599,0.03398100819314386,0.005197817073616917,0.038920734060099174,0.004604083024879932,6.52,0.019999999999999574,1.2999999999999998,2.55,2.4299999999999997,2.380000000000001,2.1099999999999994,2.2799999999999994,-0.05496632087674741,-0.012514364378700026,0.1132415706801933,-0.05348297471976424,0.06079970717099225,0.00738010729762246,0.0,0.0,1.0,0.0
2000-10-01,-0.5561904761904761,-0.1738095238095238,-0.376,-0.2825,-0.0885,-0.285,0.1689473684210526,-0.4131578947368421,1.0885,0.2495,3.9,-0.10000000000000009,-0.19999999999999973,0.03333333333333277,0.033921380945667386,0.0017266191339877245,0.022878465443593215,-0.0038933847177072337,6.51,-0.009999999999999787,1.3099999999999996,2.5999999999999996,2.55,2.3,2.41,2.2700000000000005,-0.004961774691885913,-0.0009998718771007014,0.04761795937975407,-0.05816774693784644,0.05889275549997269,0.0033105463844724427,0.0,1.0,1.0,0.0
2000-11-01,-0.6390476190476191,-0.1580952380952381,-0.5561904761904761,-0.1738095238095238,-0.4513043478260869,-0.4026086956521739,0.4459090909090909,-0.3690909090909091,0.8065,0.172,3.9,-0.19999999999999973,-0.19999999999999973,-0.03333333333333366,0.03386196261017607,0.0017236430581650374,0.018322393817013578,0.0002796044748454494,6.51,0.0,1.0899999999999999,2.5599999999999996,2.5999999999999996,2.4299999999999997,2.46,2.12,-0.08345618792359105,-0.1433842834922244,-0.0547206865054303,-0.13357894639476836,0.057080109219273395,0.002337503627378678,0.0,1.0,1.0,0.0
2000-12-01,-0.6965,-0.1115,-0.6390476190476191,-0.1580952380952381,-0.376,-0.2825,0.2354545454545454,-0.3845454545454546,0.9186363636363636,0.1709090909090909,3.9,0.0,-0.10000000000000009,0.0,0.03378306124364493,0.0022935789870993646,0.007370489261560376,-0.0032683707203065375,6.4,-0.10999999999999943,1.1000000000000005,2.7799999999999994,2.5599999999999996,2.55,2.380000000000001,1.9099999999999993,0.004045252545684775,-0.08437271006979205,-0.10690820900485037,-0.13006695576672578,0.060288561317310294,0.009153708554322737,0.0,1.0,1.0,0.0
2001-01-01,-0.1242857142857142,0.4009523809523809,-0.6965,-0.1115,-0.5561904761904761,-0.1738095238095238,-0.0885,-0.285,1.162,0.221,4.2,0.30000000000000027,0.20000000000000018,0.10000000000000009,0.03653639206192645,0.005711037795514434,0.003968605295951369,-0.004770869350923317,5.98,-0.41999999999999993,0.5300000000000002,2.7699999999999996,2.7799999999999994,2.5999999999999996,2.3,1.67,0.034050231409260966,-0.045360703968645215,-0.020613126630169253,-0.09993545317701072,0.06444344634644653,0.0102364131905797,1.0,1.0,1.0,0.0
2001-02-01,0.0936842105263157,0.4421052631578948,-0.1242857142857142,0.4009523809523809,-0.6390476190476191,-0.1580952380952381,-0.4513043478260869,-0.4026086956521739,0.7925,-0.091,4.2,0.30000000000000027,0.10000000000000053,0.20000000000000062,0.03468555798789011,0.0022753138371356054,-0.005684585549410089,-0.0065347651343707685,5.49,-0.4900000000000002,-0.2400000000000002,2.7700000000000005,2.7699999999999996,2.5599999999999996,2.4299999999999997,1.7699999999999996,-0.09683114482086731,-0.058735660865921406,-0.09713126901413512,-0.18300307210704558,0.06934174636900686,0.00774367820585417,1.0,1.0,1.0,0.0
2001-03-01,0.35,0.5431818181818181,0.0936842105263157,0.4421052631578948,-0.6965,-0.1115,-0.376,-0.2825,0.3926086956521739,-0.2717391304347826,4.3,0.3999999999999999,0.2999999999999998,0.3333333333333335,0.02938845899950049,0.0005680204640086013,-0.01128640983433192,-0.0020524117552426385,5.31,-0.1800000000000006,-0.54,2.95,2.7700000000000005,2.7799999999999994,2.55,2.1099999999999994,-0.06635853454793589,-0.12913944795954221,-0.2558135541987477,-0.23545812358967202,0.07423833819446256,0.011454969782190244,1.0,1.0,1.0,0.0
2001-04-01,1.175,0.907,0.35,0.5431818181818181,-0.1242857142857142,0.4009523809523809,-0.5561904761904761,-0.1738095238095238,0.1689473684210526,-0.4131578947368421,4.4,0.20000000000000018,0.6000000000000005,0.3999999999999999,0.03167555345114574,0.0017021280705305842,-0.020817371917717608,-0.0035963806723382868,4.8,-0.5099999999999998,-1.2199999999999998,2.9300000000000006,2.95,2.7699999999999996,2.5999999999999996,2.41,0.07400701716559067,-0.08918266220321261,-0.15052662607976683,-0.17673032739515968,0.07499298428493863,0.012590851575185377,1.0,1.0,1.0,1.0
2001-05-01,1.6881818181818182,1.1313636363636363,1.175,0.907,0.0936842105263157,0.4421052631578948,-0.6390476190476191,-0.1580952380952381,0.4459090909090909,-0.3690909090909091,4.3,0.09999999999999964,0.2999999999999998,0.4333333333333331,0.03501074937252054,0.005089069507471228,-0.02830874875675559,-0.004787344785631192,4.21,-0.5899999999999999,-2.0599999999999996,2.6800000000000006,2.9300000000000006,2.7700000000000005,2.5599999999999996,2.46,0.005077276192499077,0.012725758810153854,-0.12329059749151222,-0.17253973047981414,0.07716428533473167,-0.0003697829027277726,1.0,1.0,1.0,1.0
2001-06-01,1.7190476190476192,1.2042857142857142,1.6881818181818182,1.1313636363636363,0.35,0.5431818181818181,-0.6965,-0.1115,0.2354545454545454,-0.3845454545454546,4.5,0.20000000000000018,0.5,0.49999999999999956,0.03144014316697529,0.0022535220804432536,-0.03399344940047623,-0.005294243917337967,3.97,-0.23999999999999977,-2.56,2.6899999999999995,2.6800000000000006,2.95,2.7799999999999994,2.380000000000001,-0.025354105491820707,0.053730187866269014,-0.17229633454176518,-0.1932555205630896,0.08172362387862207,0.00831617714759361,1.0,1.0,1.0,1.0
2001-07-01,1.6428571428571428,1.1976190476190476,1.7190476190476192,1.2042857142857142,1.175,0.907,-0.1242857142857142,0.4009523809523809,-0.0885,-0.285,4.6,0.1999999999999993,0.5999999999999996,0.566666666666666,0.02685108472284635,-0.001689665285126382,-0.03846552021833994,-0.006424803271452068,3.77,-0.20000000000000018,-2.77,2.7299999999999995,2.6899999999999995,2.9300000000000006,2.7699999999999996,2.3,-0.010798241319025235,-0.031075070618346717,-0.16661830866730526,-0.20192007695750808,0.08377808241703918,0.005755494660918161,1.0,1.0,1.0,1.0
2001-08-01,1.5334782608695654,1.2139130434782608,1.6428571428571428,1.1976190476190476,1.6881818181818182,1.1313636363636363,0.0936842105263157,0.4421052631578948,-0.4513043478260869,-0.4026086956521739,4.9,0.6000000000000005,0.8000000000000007,0.766666666666667,0.02685108472284635,0.0,-0.03688732639067615,-0.001148439565091319,3.65,-0.1200000000000001,-2.85,2.88,2.7299999999999995,2.6800000000000006,2.7700000000000005,2.4299999999999997,-0.06625562852916861,-0.1024079753400145,-0.2918021608880064,-0.25308370938727975,0.08437623810694002,0.006466570583550283,1.0,1.0,1.0,1.0
2001-09-01,2.0394117647058825,1.6129411764705883,1.5334782608695654,1.2139130434782608,1.7190476190476192,1.2042857142857142,0.35,0.5431818181818181,-0.376,-0.2825,5.0,0.5,1.1,0.9333333333333331,0.025591388069366103,0.003938120420136736,-0.046569285420319545,-0.0050778760047635015,3.07,-0.5800000000000001,-3.4499999999999997,3.299999999999999,2.88,2.6899999999999995,2.95,2.55,-0.08525663276941997,-0.16231050261761382,-0.32209247278067904,-0.31412425243317393,0.09799908232216556,0.02100295151284814,1.0,1.0,1.0,1.0
2001-10-01,2.369090909090909,1.8409090909090908,2.0394117647058825,1.6129411764705883,1.6428571428571428,1.1976190476190476,1.175,0.907,-0.5561904761904761,-0.1738095238095238,5.3,0.7000000000000002,1.4,1.1666666666666674,0.021053409197832263,-0.0028113597375462574,-0.045421120156954355,-0.002745219454341907,2.49,-0.5799999999999996,-4.02,3.34,3.299999999999999,2.7299999999999995,2.9300000000000006,2.5999999999999996,0.01793727226268294,-0.13357498903590562,-0.2991934258261102,-0.30171051091726064,0.09257616846032501,-0.0021123674773681463,1.0,1.0,1.0,1.0
2001-11-01,2.745,1.869,2.369090909090909,1.8409090909090908,1.5334782608695654,1.2139130434782608,1.6881818181818182,1.1313636363636363,-0.6390476190476191,-0.1580952380952381,5.5,0.5999999999999996,1.6,1.3666666666666667,0.018766544497068195,-0.000563221642599225,-0.051766184717118705,-0.006065460085319009,2.09,-0.40000000000000036,-4.42,3.1599999999999993,3.34,2.88,2.6800000000000006,2.5599999999999996,0.07248427993671071,0.0051649194299737775,-0.14325295796580825,-0.24921596723514788,0.09838310987850674,0.008144445045560519,0.0,0.0,0.0,1.0
2001-12-01,3.3675,1.9805,2.745,1.869,2.0394117647058825,1.6129411764705883,1.7190476190476192,1.2042857142857142,-0.6965,-0.1115,5.7,0.7000000000000002,1.8000000000000003,1.6,0.015909426469977447,-0.0005635390399913477,-0.0489253238042128,-0.00042750980740072377,1.82,-0.2699999999999998,-4.58,2.960000000000001,3.1599999999999993,3.299999999999999,2.6899999999999995,2.7799999999999994,0.007545296609037892,0.0979668488084315,-0.13975291390245542,-0.2435296535343709,0.09901891430324768,0.009789512979063431,0.0,0.0,0.0,0.0
2002-01-01,3.350952380952381,2.0076190476190474,3.3675,1.9805,2.369090909090909,1.8409090909090908,1.6428571428571428,1.1976190476190476,-0.1242857142857142,0.4009523809523809,5.7,0.40000000000000036,1.5,1.6333333333333329,0.011888053959589435,0.0016896652851264519,-0.03752138961211928,0.006633064841170301,1.73,-0.09000000000000008,-4.25,2.83,2.960000000000001,3.34,2.7299999999999995,2.7699999999999996,-0.015696378592795636,0.06433319795295286,-0.18949952390451208,-0.2553107959689001,0.0925251440415639,0.0037426429288959263,0.0,0.0,0.0,0.0
2002-02-01,3.154736842105263,1.896315789473684,3.350952380952381,2.0076190476190474,2.745,1.869,1.5334782608695654,1.2139130434782608,0.0936842105263157,0.4421052631578948,5.7,0.20000000000000018,1.5,1.5999999999999996,0.011299555253933466,0.0016868151314795696,-0.03087139979513847,0.0001152246826099873,1.74,0.010000000000000009,-3.75,2.9799999999999995,2.83,3.1599999999999993,2.88,2.7700000000000005,-0.020984861119793335,-0.029135943103551092,-0.11365324020343796,-0.27077516913881666,0.09013253922826714,0.005351073392557209,0.0,0.0,0.0,0.0
2002-03-01,3.4590000000000005,1.7265,3.154736842105263,1.896315789473684,3.3675,1.9805,2.0394117647058825,1.6129411764705883,0.35,0.5431818181818181,5.7,0.0,1.4000000000000004,1.4666666666666668,0.013536585717533321,0.0028050509276086816,-0.02160665534497285,0.007212332694922952,1.73,-0.010000000000000009,-3.5799999999999996,2.829999999999999,2.9799999999999995,2.960000000000001,3.299999999999999,2.95,0.036080106667215,-0.0006011330453738096,-0.011214598988287037,-0.2439842562054431,0.08082454721807661,0.0021469777719997155,0.0,0.0,0.0,0.0
2002-04-01,3.465909090909091,1.7881818181818183,3.4590000000000005,1.7265,3.350952380952381,2.0076190476190474,2.369090909090909,1.8409090909090908,1.175,0.907,5.9,0.20000000000000018,1.5,1.4666666666666668,0.0163062370383963,0.004471779391393411,-0.013139272506955322,0.004871002165679171,1.75,0.020000000000000018,-3.05,2.8199999999999994,2.829999999999999,2.83,3.34,2.9300000000000006,-0.0633846547446828,-0.04828940919726094,-0.14860627089856038,-0.29041694834685733,0.06825187068673917,1.8175043847815567e-05,0.0,0.0,0.0,0.0
2002-05-01,3.4040909090909093,1.9004545454545456,3.465909090909091,1.7881818181818183,3.154736842105263,1.896315789473684,2.745,1.869,1.6881818181818182,1.1313636363636363,5.8,0.09999999999999964,1.5,1.4666666666666677,0.0123319948481712,0.0011148273172463632,-0.004342299253963643,0.004009628467360337,1.75,0.0,-2.46,2.9299999999999997,2.8199999999999994,2.9799999999999995,3.1599999999999993,2.6800000000000006,-0.009122969376784574,-0.03642751745425223,-0.16280651646784416,-0.2968610135982662,0.07337217021119528,0.004750516621728328,0.0,0.0,0.0,0.0
2002-06-01,3.1945,1.9335,3.4040909090909093,1.9004545454545456,3.4590000000000005,1.7265,3.3675,1.9805,1.7190476190476192,1.2042857142857142,5.8,0.09999999999999964,1.2999999999999998,1.4333333333333336,0.010635420707493659,0.0005569479397655673,0.009166963899822321,0.008215019236448063,1.75,0.0,-2.22,3.0200000000000005,2.9299999999999997,2.829999999999999,2.960000000000001,2.6899999999999995,-0.07521434960317877,-0.1477219737246461,-0.21266676057920228,-0.34780719763432877,0.06956798454725478,0.004511991483653154,0.0,0.0,0.0,0.0
2002-07-01,2.9395454545454545,2.096363636363636,3.1945,1.9335,3.465909090909091,1.7881818181818183,3.350952380952381,2.0076190476190474,1.6428571428571428,1.1976190476190476,5.8,-0.10000000000000053,1.2000000000000002,1.333333333333334,0.014549781014731146,0.0022246950221111086,0.015269796531774009,-0.0003219706395004759,1.73,-0.020000000000000018,-2.04,3.25,3.0200000000000005,2.8199999999999994,2.83,2.7299999999999995,-0.08229988459363792,-0.1666372035736012,-0.2841684038538148,-0.3993332172428894,0.07147220103795912,0.007659711151622641,0.0,0.0,0.0,0.0
2002-08-01,2.61,2.1236363636363635,2.9395454545454545,2.096363636363636,3.4040909090909093,1.9004545454545456,3.154736842105263,1.896315789473684,1.5334782608695654,1.2139130434782608,5.7,-0.09999999999999964,0.7999999999999998,1.0999999999999988,0.017323707897456395,0.0027739268827252244,0.01530708257330199,-0.0011111535235631593,1.74,0.010000000000000009,-1.91,3.3200000000000003,3.25,2.9299999999999997,2.9799999999999995,2.88,0.004869557741769333,-0.15264467645504726,-0.21304321758287692,-0.3964011024034341,0.07253617528575719,0.00753054483134817,0.0,0.0,0.0,0.0
2002-09-01,2.211,1.8655,2.61,2.1236363636363635,3.1945,1.9335,3.4590000000000005,1.7265,2.0394117647058825,1.6129411764705883,5.7,-0.09999999999999964,0.7000000000000002,0.9000000000000004,0.01504625766246033,0.0016606701851405402,0.021233607274664855,0.0008486486965993494,1.75,0.010000000000000009,-1.3199999999999998,3.5300000000000002,3.3200000000000003,3.0200000000000005,2.829999999999999,3.299999999999999,-0.11656114050838795,-0.1939914673602564,-0.2443477253218449,-0.4628116596094133,0.05578079223540932,0.0042475684625003,0.0,0.0,0.0,0.0
2002-10-01,2.330909090909091,2.0290909090909093,2.211,1.8655,2.9395454545454545,2.096363636363636,3.465909090909091,1.7881818181818183,2.369090909090909,1.8409090909090908,5.7,-0.09999999999999964,0.40000000000000036,0.6333333333333329,0.020067563050809173,0.00220994565080267,0.021893990392071745,-0.0020848363369350346,1.75,0.0,-0.7400000000000002,3.7900000000000005,3.5300000000000002,3.25,2.8199999999999994,3.34,0.08291439611915427,-0.02877718664746435,-0.17937060146537362,-0.4163723720293883,0.0657740033577357,0.007880843644958134,0.0,0.0,0.0,0.0
2002-11-01,2.793684210526316,2.125263157894737,2.330909090909091,2.0290909090909093,2.61,2.1236363636363635,3.4040909090909093,1.9004545454545456,2.745,1.869,5.9,0.20000000000000018,0.40000000000000036,0.5,0.022285044789434955,0.001654260096026468,0.033546026394709015,0.005586575917318194,1.34,-0.4099999999999999,-0.7499999999999998,3.5700000000000003,3.7900000000000005,3.3200000000000003,2.9299999999999997,3.1599999999999993,0.05550057104349944,0.02185382665426557,-0.19635431035858503,-0.38306496466815493,0.06652610375067945,0.008896545438504171,0.0,0.0,0.0,0.0
2002-12-01,2.821428571428572,2.1961904761904765,2.793684210526316,2.125263157894737,2.211,1.8655,3.1945,1.9335,3.3675,1.9805,6.0,0.2999999999999998,0.2999999999999998,0.36666666666666714,0.024500111867899403,0.0016515280384731608,0.028396908911190257,-0.005576627290919478,1.24,-0.10000000000000009,-0.5800000000000001,3.42,3.5700000000000003,3.5300000000000002,3.0200000000000005,2.960000000000001,-0.06222926619772059,0.07618570096493299,-0.2661288731653434,-0.42028624203570625,0.06042890265874329,0.0036923118871271493,0.0,0.0,0.0,0.0
2003-01-01,2.8595238095238096,2.305238095238095,2.821428571428572,2.1961904761904765,2.330909090909091,2.0290909090909093,2.9395454545454545,2.096363636363636,3.350952380952381,2.0076190476190474,5.8,0.09999999999999964,0.09999999999999964,0.2666666666666666,0.027201233000262566,0.004390786417489539,0.030249249793919943,0.008485405723899884,1.24,0.0,-0.49,3.3,3.42,3.7900000000000005,3.25,2.83,-0.0277974877305516,-0.034526182884772764,-0.2782299823030993,-0.43617891655443025,0.062328340003335626,0.005642080273488288,0.0,0.0,0.0,0.0
2003-02-01,2.7173684210526314,2.274736842105263,2.8595238095238096,2.305238095238095,2.793684210526316,2.125263157894737,2.61,2.1236363636363635,3.154736842105263,1.896315789473684,5.9,0.0,0.20000000000000018,0.1999999999999993,0.03097592789430493,0.005461510025521943,0.03132144603923663,0.0011874209279268255,1.26,0.020000000000000018,-0.48,3.1599999999999997,3.3,3.5700000000000003,3.3200000000000003,2.9799999999999995,-0.01714982949976613,-0.10717658342803822,-0.2743949506830722,-0.4457659093843037,0.0631692368586992,0.00619197024792098,0.0,0.0,0.0,0.0
2003-03-01,2.6561904761904764,2.2333333333333334,2.7173684210526314,2.274736842105263,2.821428571428572,2.1961904761904765,2.211,1.8655,3.4590000000000005,1.7265,5.9,-0.09999999999999964,0.20000000000000018,0.16666666666666696,0.02980353039058175,0.0016326534238853118,0.021477141996685063,-0.00263197134762851,1.25,-0.010000000000000009,-0.48,3.14,3.1599999999999997,3.42,3.5300000000000002,2.829999999999999,0.008322836592988462,-0.036624480637329225,-0.3021522207572988,-0.4411338604590184,0.06447036178096902,0.0034481026942695184,0.0,0.0,0.0,0.0
2003-04-01,2.8061904761904763,2.336190476190476,2.6561904761904764,2.2333333333333334,2.8595238095238096,2.305238095238095,2.330909090909091,2.0290909090909093,3.465909090909091,1.7881818181818183,6.0,0.20000000000000018,0.09999999999999964,0.2333333333333334,0.021518071628942575,-0.003813679370245629,0.010631424521920226,-0.005974715309085648,1.26,0.010000000000000009,-0.49,2.8899999999999997,3.14,3.3,3.7900000000000005,2.8199999999999994,0.07792734002637904,0.06910034711960134,-0.16084022598623696,-0.3958410531467682,0.07075428252353416,0.0063020957864130325,0.0,0.0,0.0,0.0
2003-05-01,2.480952380952381,2.153809523809524,2.8061904761904763,2.336190476190476,2.7173684210526314,2.274736842105263,2.793684210526316,2.125263157894737,3.4040909090909093,1.9004545454545456,6.1,0.1999999999999993,0.2999999999999998,0.2999999999999998,0.018764347468486473,-0.0016388968432098424,0.006349016623750425,-0.0002727794308093598,1.26,0.0,-0.49,2.81,2.8899999999999997,3.1599999999999997,3.5700000000000003,2.9299999999999997,0.04964571199782594,0.13589588861719357,-0.10207154461162646,-0.36509014235289056,0.07607899349528949,0.010075227593483614,0.0,0.0,0.0,0.0
2003-06-01,2.3980952380952383,2.107142857142857,2.480952380952381,2.153809523809524,2.6561904761904764,2.2333333333333334,2.821428571428572,2.1961904761904765,3.1945,1.9335,6.3,0.39999999999999947,0.5,0.4333333333333327,0.019300295812365895,0.0010928962836450477,-0.0005888879011465191,0.0012771147115509308,1.22,-0.040000000000000036,-0.53,2.8600000000000003,2.81,3.14,3.42,3.0200000000000005,0.011258598140629074,0.13883165016483404,-0.015598596867818589,-0.3579015566441604,0.07773372303731499,0.006166721025678498,0.0,0.0,0.0,0.0
2003-07-01,3.055,2.5013636363636365,2.3980952380952383,2.107142857142857,2.8061904761904763,2.336190476190476,2.8595238095238096,2.305238095238095,2.9395454545454545,2.096363636363636,6.2,0.20000000000000018,0.40000000000000036,0.4999999999999991,0.020347141330869477,0.0032715405406149485,0.004858218288952706,0.005125135550598798,1.01,-0.20999999999999996,-0.72,2.64,2.8600000000000003,2.8899999999999997,3.3,3.25,0.016093504013478806,0.07699781415193369,0.08279479173929805,-0.34748434287111507,0.07785744384302144,0.0077834319573291556,0.0,0.0,0.0,0.0
2003-08-01,3.4761904761904763,2.580952380952381,3.055,2.5013636363636365,2.480952380952381,2.153809523809524,2.7173684210526314,2.274736842105263,2.61,2.1236363636363635,6.1,0.0,0.39999999999999947,0.5,0.021918685707646275,0.004345471259501864,0.003785213992541566,-0.0021841578199743145,1.03,0.020000000000000018,-0.71,2.5599999999999996,2.64,2.81,3.1599999999999997,3.3200000000000003,0.017715355943955013,0.045067458098062715,0.09564058994148357,-0.335821797683312,0.07986942712439023,0.009542528112717065,0.0,0.0,0.0,0.0
2003-09-01,3.3190476190476192,2.568095238095238,3.4761904761904763,2.580952380952381,2.3980952380952383,2.107142857142857,2.6561904761904764,2.2333333333333334,2.211,1.8655,6.1,-0.20000000000000018,0.39999999999999947,0.4333333333333327,0.02350477162137556,0.003246756098869873,0.009363316998081427,0.0064267517021391225,1.01,-0.020000000000000018,-0.74,2.5200000000000005,2.5599999999999996,2.8600000000000003,3.14,3.5300000000000002,-0.012016271671429112,0.021792588286004524,0.20018545877844232,-0.34375498428154155,0.07112518255836761,-0.004496676103522564,0.0,0.0,0.0,0.0
2003-10-01,3.348636363636364,2.5427272727272725,3.3190476190476192,2.568095238095238,3.055,2.5013636363636365,2.8061904761904763,2.336190476190476,2.330909090909091,2.0290909090909093,6.0,-0.20000000000000018,0.2999999999999998,0.36666666666666625,0.020213744784200363,-0.0010810811863725966,0.012679010093434367,0.001230856758417951,1.01,0.0,-0.74,2.4400000000000004,2.5200000000000005,2.64,2.8899999999999997,3.7900000000000005,0.05350426070312328,0.05920334497564923,0.1707753233624116,-0.3076867826203758,0.061647591329365474,-0.00159674758404384,0.0,0.0,0.0,0.0
2003-11-01,3.347777777777777,2.373333333333333,3.348636363636364,2.5427272727272725,3.4761904761904763,2.580952380952381,2.480952380952381,2.153809523809524,2.793684210526316,2.125263157894737,5.8,-0.2999999999999998,-0.10000000000000053,0.1999999999999993,0.01910017137341943,0.0005406866852456777,0.01377502622531266,0.006682592049196556,1.0,-0.010000000000000009,-0.3400000000000001,2.3600000000000003,2.4400000000000004,2.5599999999999996,2.81,3.5700000000000003,0.007103216390662538,0.04859120542235678,0.12237796870957474,-0.3027516250316199,0.053656731185983755,0.0009056852951224095,0.0,0.0,0.0,0.0
2003-12-01,3.353181818181818,2.3604545454545454,3.347777777777777,2.373333333333333,3.3190476190476192,2.568095238095238,2.3980952380952383,2.107142857142857,2.821428571428572,2.1961904761904765,5.7,-0.39999999999999947,-0.2999999999999998,-0.0333333333333341,0.02014770030411127,0.0026990569691649835,0.019647599545641856,0.00029594602940967543,0.98,-0.020000000000000018,-0.26,2.33,2.3600000000000003,2.5200000000000005,2.8600000000000003,3.42,0.04951898497110497,0.11012646206489102,0.23412621987840035,-0.2673554342191463,0.049684567782950995,-0.0002798515159053948,0.0,0.0,0.0,0.0
2004-01-01,3.25,2.3895,3.353181818181818,2.3604545454545454,3.348636363636364,2.5427272727272725,3.055,2.5013636363636365,2.8595238095238096,2.305238095238095,5.7,-0.2999999999999998,-0.09999999999999964,-0.09999999999999876,0.020060309446674748,0.004303395560052973,0.012682820040776715,0.0015206262190346224,1.0,0.020000000000000018,-0.24,2.29,2.33,2.4400000000000004,2.64,3.3,0.017128847057714995,0.07375104841948256,0.2790525546666668,-0.25469798320334824,0.045408079738725814,0.0013655922292630648,0.0,0.0,0.0,0.0
2004-02-01,3.139473684210526,2.344210526315789,3.25,2.3895,3.347777777777777,2.373333333333333,3.4761904761904763,2.580952380952381,2.7173684210526314,2.274736842105263,5.6,-0.20000000000000018,-0.3000000000000007,-0.06666666666666732,0.01674357236128671,0.0021447729401339456,0.017509705222010338,0.0060143061091605275,1.01,0.010000000000000009,-0.25,2.1899999999999995,2.29,2.3600000000000003,2.5599999999999996,3.1599999999999997,0.01213504533610582,0.07878287736492583,0.30833742950253873,-0.24559861045368978,0.04572224933809515,0.006506139847290293,0.0,0.0,0.0,0.0
2004-03-01,2.8730434782608696,2.248695652173913,3.139473684210526,2.344210526315789,3.353181818181818,2.3604545454545454,3.3190476190476192,2.568095238095238,2.6561904761904764,2.2333333333333334,5.8,0.09999999999999964,-0.10000000000000053,0.033333333333333215,0.017251101669768416,0.0021401827323670503,0.016132920720870168,-0.004008755848768866,1.0,-0.010000000000000009,-0.25,2.2800000000000002,2.1899999999999995,2.33,2.5200000000000005,3.14,-0.016494204178642544,0.012769688215178104,0.2835203887309078,-0.2579398021448849,0.04815378604845324,0.005879639404627547,0.0,0.0,0.0,0.0
2004-04-01,3.38952380952381,2.276666666666667,2.8730434782608696,2.248695652173913,3.25,2.3895,3.348636363636364,2.5427272727272725,2.8061904761904763,2.336190476190476,5.6,-0.10000000000000053,-0.40000000000000036,0.0,0.022666917564292056,0.0016021365242778537,0.025815135205763014,0.0037074991758071036,1.0,0.0,-0.26,2.1100000000000003,2.2800000000000002,2.29,2.4400000000000004,2.8899999999999997,-0.016933314713063943,-0.021292473555600742,0.18865973399146474,-0.270399550866717,0.048487736885766713,0.006636046623726531,0.0,0.0,0.0,0.0
2004-05-01,3.676,2.182,3.38952380952381,2.276666666666667,3.139473684210526,2.344210526315789,3.347777777777777,2.373333333333333,2.480952380952381,2.153809523809524,5.6,0.0,-0.5,0.0,0.028565671754459124,0.004259857346957287,0.033285665343309595,0.007197750706737387,1.0,0.0,-0.26,2.0300000000000002,2.1100000000000003,2.1899999999999995,2.3600000000000003,2.81,0.012011028036095873,-0.021416490855610523,0.1510250500297347,-0.26158346024860785,0.05072568491779889,0.01231317562551577,0.0,0.0,0.0,0.0
2004-06-01,3.4457142857142857,1.9704761904761905,3.676,2.182,2.8730434782608696,2.248695652173913,3.353181818181818,2.3604545454545454,2.3980952380952383,2.107142857142857,5.6,-0.20000000000000018,-0.7000000000000002,-0.06666666666666732,0.03118532282699885,0.00371254735618464,0.02417571182556975,-0.007832838806188907,1.03,0.030000000000000027,-0.18999999999999995,2.05,2.0300000000000002,2.2800000000000002,2.33,2.8600000000000003,0.017829111362111554,0.012906824685143545,0.15759556325121732,-0.24830008602221457,0.04490946096427842,0.00035049707215804865,0.0,0.0,0.0,0.0
2004-07-01,3.1404761904761904,1.8595238095238091,3.4457142857142857,1.9704761904761905,3.38952380952381,2.276666666666667,3.25,2.3895,3.055,2.5013636363636365,5.5,-0.09999999999999964,-0.7000000000000002,-0.033333333333333215,0.02897198344333197,0.0010582011569479043,0.026494455958637718,0.007443879683666587,1.26,0.22999999999999998,0.25,2.12,2.05,2.1100000000000003,2.29,2.64,-0.03489223484716681,-0.005052095448959316,0.1066098243905717,-0.27407626659567186,0.03922643553935094,0.002100406532401641,0.0,0.0,0.0,0.0
2004-08-01,2.778181818181818,1.7731818181818182,3.1404761904761904,1.8595238095238091,3.676,2.182,3.139473684210526,2.344210526315789,3.4761904761904763,2.580952380952381,5.4,-0.1999999999999993,-0.6999999999999993,-0.06666666666666643,0.02515519313719588,0.0005286809533661568,0.02934958049798054,0.0006709667193686184,1.43,0.16999999999999993,0.3999999999999999,2.1799999999999997,2.12,2.0300000000000002,2.1899999999999995,2.5599999999999996,0.0022847383199045748,-0.014778385165150659,0.09117920676652123,-0.2724158247093282,0.033919017532660356,0.0042351101060264925,0.0,0.0,0.0,0.0
2004-09-01,2.4442857142857144,1.6004761904761904,2.778181818181818,1.7731818181818182,3.4457142857142857,1.9704761904761905,2.8730434782608696,2.248695652173913,3.3190476190476192,2.568095238095238,5.4,-0.1999999999999993,-0.6999999999999993,-0.06666666666666643,0.02507466659637566,0.0031662295580497345,0.024193013153995375,0.001270184358153943,1.61,0.18000000000000016,0.6000000000000001,2.1399999999999997,2.1799999999999997,2.05,2.2800000000000002,2.5200000000000005,0.009320306218269942,-0.023287190308992182,0.11251578465622036,-0.26560281705660854,0.04384585693980134,0.005430163303618341,0.0,0.0,0.0,0.0
2004-10-01,2.3025,1.5125,2.4442857142857144,1.6004761904761904,3.1404761904761904,1.8595238095238091,3.38952380952381,2.276666666666667,3.348636363636364,2.5427272727272725,5.5,0.0,-0.5,0.0,0.03141062062110694,0.005254872838358597,0.03145746913281129,0.00849531273723381,1.76,0.1499999999999999,0.75,2.1100000000000003,2.1399999999999997,2.12,2.1100000000000003,2.4400000000000004,0.013916952102817836,0.02552199664099258,0.07292847605591507,-0.2553107959689001,0.049778143831551616,0.00433553930770638,0.0,0.0,0.0,0.0
2004-11-01,2.0865,1.342,2.3025,1.5125,2.778181818181818,1.7731818181818182,3.676,2.182,3.347777777777777,2.373333333333333,5.4,0.0,-0.39999999999999947,0.0,0.03557582497327385,0.004705891037412493,0.027255232534608428,0.0024803554509937667,1.93,0.16999999999999993,0.9299999999999999,2.01,2.1100000000000003,2.1799999999999997,2.0300000000000002,2.3600000000000003,0.037868776906828334,0.06110603522791635,0.10369403657208084,-0.2265695635790228,0.05301759081974315,0.004145132283313974,0.0,0.0,0.0,0.0
2004-12-01,2.0081818181818183,1.219090909090909,2.0865,1.342,2.4442857142857144,1.6004761904761904,3.4457142857142857,1.9704761904761905,3.353181818181818,2.3604545454545454,5.4,0.0,-0.2999999999999998,0.0,0.03287676800410894,0.0,0.03489552750613454,0.007936241000935798,2.16,0.2300000000000002,1.1800000000000002,1.92,2.01,2.1399999999999997,2.05,2.33,0.03194257321148287,0.08372830222112904,0.08611762481245851,-0.20146539385425768,0.05613436789077433,0.002836925555125662,0.0,0.0,0.0,0.0
2005-01-01,1.8505,0.999,2.0081818181818183,1.219090909090909,2.3025,1.5125,3.1404761904761904,1.8595238095238091,3.25,2.3895,5.3,-0.20000000000000018,-0.40000000000000036,-0.06666666666666643,0.028051587929217303,-0.0005217845148385751,0.0369649804029702,0.0035900791158702894,2.28,0.11999999999999966,1.2799999999999998,1.7999999999999998,1.92,2.1100000000000003,2.12,2.29,-0.02561576769530585,0.04419558242300516,0.043373010059437805,-0.2216607073125317,0.055748916226780784,0.0009801405652695907,0.0,0.0,0.0,0.0
2005-02-01,1.5857894736842104,0.7805263157894737,1.8505,0.999,2.0865,1.342,2.778181818181818,1.7731818181818182,3.139473684210526,2.344210526315789,5.4,0.0,-0.1999999999999993,0.0,0.03007348768392921,0.004166672694845912,0.03818352035658092,0.007232846062771175,2.5,0.2200000000000002,1.49,1.6500000000000004,1.7999999999999998,2.01,2.1799999999999997,2.1899999999999995,0.018726898056026692,0.025053703572203618,0.04996486277935863,-0.2069474902546362,0.050501547146414194,0.0012587707669237968,0.0,0.0,0.0,0.0
2005-03-01,1.7018181818181817,0.770909090909091,1.5857894736842104,0.7805263157894737,2.0081818181818183,1.219090909090909,2.4442857142857144,1.6004761904761904,2.8730434782608696,2.248695652173913,5.2,-0.20000000000000018,-0.5999999999999996,-0.06666666666666643,0.03156495615442493,0.003631651202862546,0.040840096425731734,-0.001352179779617947,2.63,0.1299999999999999,1.63,1.5599999999999996,1.6500000000000004,1.92,2.1399999999999997,2.2800000000000002,-0.019302760921690573,-0.026191630560969733,0.04715630603631068,-0.22210879497717134,0.04608071984480939,0.0014588121030227252,0.0,0.0,0.0,0.0
2005-04-01,1.5042857142857142,0.6871428571428572,1.7018181818181817,0.770909090909091,1.8505,0.999,2.3025,1.5125,3.38952380952381,2.276666666666667,5.2,-0.09999999999999964,-0.39999999999999947,-0.0333333333333341,0.03306520060862834,0.0031023809784813516,0.039282792693747084,0.002150195443822259,2.79,0.16000000000000014,1.79,1.71,1.5599999999999996,1.7999999999999998,2.1100000000000003,2.1100000000000003,-0.020313511500222595,-0.02088937436588649,0.04377610924915203,-0.23775108412522164,0.04153605979758261,0.0020913865764998303,0.0,0.0,0.0,0.0
2005-05-01,1.2423809523809524,0.5004761904761905,1.5042857142857142,0.6871428571428572,1.5857894736842104,0.7805263157894737,2.0865,1.342,3.676,2.182,5.1,-0.3000000000000007,-0.5,-0.09999999999999964,0.02828894769119747,-0.000516395570473542,0.032984762513861704,0.000899720526852151,3.0,0.20999999999999996,2.0,1.87,1.71,1.6500000000000004,2.01,2.0300000000000002,0.029512244489019596,-0.010104027932893625,0.061277325702075454,-0.2149201690523521,0.03188114488677289,0.0026582607147059077,0.0,0.0,0.0,0.0
2005-06-01,0.9618181818181818,0.3577272727272727,1.2423809523809524,0.5004761904761905,1.7018181818181817,0.770909090909091,2.0081818181818183,1.219090909090909,3.4457142857142857,1.9704761904761905,5.0,-0.20000000000000018,-0.5999999999999996,-0.06666666666666643,0.025092795905486295,0.0005163955704734247,0.04530513047751438,0.004487529157463777,3.04,0.040000000000000036,2.01,1.8600000000000003,1.87,1.5599999999999996,1.92,2.05,-0.00014272436450534957,0.009056008624291515,0.04330548997545864,-0.21503221107655657,0.03656502918976523,0.005034381375150558,0.0,0.0,0.0,0.0
2005-07-01,0.89,0.3065,0.9618181818181818,0.3577272727272727,1.5042857142857142,0.6871428571428572,1.8505,0.999,3.1404761904761904,1.8595238095238091,5.0,-0.20000000000000018,-0.5,-0.06666666666666732,0.030210630849103314,0.006176036100565044,0.034689784505630754,-0.0031714662882168804,3.26,0.21999999999999975,1.9999999999999998,1.7700000000000005,1.8600000000000003,1.71,1.7999999999999998,2.12,0.03533653227186871,0.06470605239638268,0.11353425709449413,-0.18679826443445924,0.039336254327790976,0.004871631670427405,0.0,0.0,0.0,0.0
2005-08-01,0.7443478260869566,0.2182608695652174,0.89,0.3065,1.2423809523809524,0.5004761904761905,1.5857894736842104,0.7805263157894737,2.778181818181818,1.7731818181818182,4.9,-0.1999999999999993,-0.5,-0.06666666666666643,0.035820076584522714,0.006138126688785481,0.03727260613282413,0.0032537883465618995,3.5,0.2400000000000002,2.0700000000000003,1.7000000000000002,1.7700000000000005,1.87,1.6500000000000004,2.1799999999999997,-0.011285547502899257,0.023908260404464064,0.09996397127169028,-0.19592409937073885,0.040101230859620814,0.005000086637856232,0.0,0.0,0.0,0.0
2005-09-01,0.7047619047619048,0.2528571428571429,0.7443478260869566,0.2182608695652174,0.9618181818181818,0.3577272727272727,1.7018181818181817,0.770909090909091,2.4442857142857144,1.6004761904761904,5.0,0.0,-0.40000000000000036,0.0,0.04632840804664625,0.013674561020173094,0.016438593005124146,-0.01956382876954614,3.62,0.1200000000000001,2.01,1.83,1.7000000000000002,1.8600000000000003,1.5599999999999996,2.1399999999999997,0.006924991121193389,0.030975975890162682,0.09756865617461365,-0.19033655638476663,0.0397975727469479,0.0051265051909452925,0.0,0.0,0.0,0.0
2005-10-01,0.671,0.1925,0.7047619047619048,0.2528571428571429,0.89,0.3065,1.5042857142857142,0.6871428571428572,2.3025,1.5125,5.0,0.0,-0.5,0.0,0.04258145205596446,0.0015079168476769278,0.020007609675100523,0.01206432940721048,3.78,0.1599999999999997,2.0199999999999996,1.8399999999999999,1.83,1.7700000000000005,1.71,2.1100000000000003,-0.017900033906343305,-0.022260590288049185,0.06575167016545233,-0.20470061735718362,0.04056239156082834,0.005100358121587009,0.0,0.0,0.0,0.0
2005-11-01,0.5605,0.1185,0.671,0.1925,0.7443478260869566,0.2182608695652174,1.2423809523809524,0.5004761904761905,2.0865,1.342,5.0,0.09999999999999964,-0.40000000000000036,0.033333333333333215,0.0328403036529064,-0.005035257365645317,0.0287047708456022,0.01117751662149517,4.0,0.2200000000000002,2.0700000000000003,1.8499999999999996,1.8399999999999999,1.7000000000000002,1.87,2.01,0.0345812139547286,0.023606171169578576,0.06246410721335261,-0.1767171365179382,0.03894270294797585,0.0025254436704615644,0.0,0.0,0.0,0.0
2005-12-01,0.4961904761904762,0.0628571428571428,0.5605,0.1185,0.7047619047619048,0.2528571428571429,0.9618181818181818,0.3577272727272727,2.0081818181818183,1.219090909090909,4.9,-0.09999999999999964,-0.5,0.0,0.0328403036529064,0.0,0.025920223408897398,0.005151693564231181,4.16,0.16000000000000014,2.0,1.8500000000000005,1.8499999999999996,1.83,1.8600000000000003,1.92,-0.0009528030899304152,0.015728376958454783,0.029568730911939404,-0.17750118939083484,0.04016616428763939,0.0040603868947894865,0.0,0.0,0.0,0.0
2006-01-01,0.08,0.0204999999999999,0.4961904761904762,0.0628571428571428,0.671,0.1925,0.89,0.3065,1.8505,0.999,4.7,-0.2999999999999998,-0.5999999999999996,-0.09999999999999964,0.03940136168198898,0.006039273514243958,0.023906744493943487,0.0015766002009161737,4.29,0.1299999999999999,2.0100000000000002,1.8200000000000003,1.8500000000000005,1.8399999999999999,1.7700000000000005,1.7999999999999998,0.025147895607579913,0.058776306472378005,0.0803323942148252,-0.1565548002527179,0.04549105508058752,0.00630503135821767,0.0,0.0,0.0,0.0
2006-02-01,0.0294736842105263,-0.0994736842105263,0.08,0.0204999999999999,0.5605,0.1185,0.7443478260869566,0.2182608695652174,1.5857894736842104,0.7805263157894737,4.8,-0.20000000000000018,-0.6000000000000005,-0.06666666666666732,0.03573631929613176,0.0005016303089889478,0.01709539861151044,0.0004215001803382235,4.49,0.20000000000000018,1.9900000000000002,1.6999999999999993,1.8200000000000003,1.8499999999999996,1.7000000000000002,1.6500000000000004,0.00045305508340120506,0.024648147601050736,0.06205855124219962,-0.15617258654200752,0.0478808408053463,0.003648556491682615,0.0,0.0,0.0,0.0
2006-03-01,0.0960869565217391,-0.0099999999999999,0.0294736842105263,-0.0994736842105263,0.4961904761904762,0.0628571428571428,0.7047619047619048,0.2528571428571429,1.7018181818181817,0.770909090909091,4.7,-0.20000000000000018,-0.5,-0.06666666666666643,0.033608050987300735,0.0015033828940314653,0.0206996930508742,0.0022521146597457445,4.59,0.09999999999999964,1.96,1.6900000000000004,1.6999999999999993,1.8500000000000005,1.83,1.5599999999999996,0.011034703509449961,0.036635654200431036,0.09239601567334013,-0.14680963754445386,0.04858115406048431,0.002159125358160813,0.0,0.0,0.0,0.0
2006-04-01,0.2689473684210526,0.101578947368421,0.0960869565217391,-0.0099999999999999,0.08,0.0204999999999999,0.671,0.1925,1.5042857142857142,0.6871428571428572,4.7,0.0,-0.5,0.0,0.03550068538934228,0.00499501538052293,0.021581576050322165,0.0030320784432704834,4.79,0.20000000000000018,2.0,1.6899999999999995,1.6900000000000004,1.8200000000000003,1.8399999999999999,1.71,0.012082366269225648,0.023570124862076765,0.1247918934427884,-0.13643855162559465,0.052028886845277594,0.0055391193612929724,0.0,0.0,0.0,0.0
2006-05-01,0.2736363636363636,0.1418181818181818,0.2689473684210526,0.101578947368421,0.0294736842105263,-0.0994736842105263,0.5605,0.1185,1.2423809523809524,0.5004761904761905,4.6,-0.20000000000000018,-0.5,-0.06666666666666643,0.039002157803269176,0.002985076843453499,0.020935970079881565,0.000254114556411531,4.94,0.15000000000000036,1.9400000000000004,1.6399999999999997,1.6899999999999995,1.6999999999999993,1.8499999999999996,1.87,-0.0314049293203158,-0.008287859541640233,0.06387471963345298,-0.16313720885059602,0.05036911379850892,0.0009984876679374325,0.0,0.0,0.0,0.0
2006-06-01,0.1886363636363636,-0.0154545454545454,0.2736363636363636,0.1418181818181818,0.0960869565217391,-0.0099999999999999,0.4961904761904762,0.0628571428571428,0.9618181818181818,0.3577272727272727,4.6,-0.10000000000000053,-0.40000000000000036,-0.033333333333333215,0.04096653750655852,0.002480775273762845,0.019609850138842415,0.003161409216424567,4.99,0.04999999999999982,1.9500000000000002,1.67,1.6399999999999997,1.6900000000000004,1.8500000000000005,1.8600000000000003,8.659275533511337e-05,-0.019235970295755148,0.06410403675329347,-0.16306473945805602,0.050910832634823155,0.005576100211464746,0.0,0.0,0.0,0.0
2006-07-01,0.011,-0.031,0.1886363636363636,-0.0154545454545454,0.2689473684210526,0.101578947368421,0.08,0.0204999999999999,0.89,0.3065,4.7,0.0,-0.2999999999999998,-8.881784197001252e-16,0.040226640318253945,0.005436138912260425,0.022268569921527762,-0.0005127465055314873,5.24,0.25,1.9800000000000004,1.67,1.67,1.6899999999999995,1.8200000000000003,1.7700000000000005,0.005072989405988439,-0.026245347158992332,0.033840493887413385,-0.15880818815660305,0.05212125443002177,0.006082053465626007,0.0,0.0,0.0,0.0
2006-08-01,-0.2139130434782608,-0.0269565217391304,0.011,-0.031,0.2736363636363636,0.1418181818181818,0.0294736842105263,-0.0994736842105263,0.7443478260869566,0.2182608695652174,4.7,0.10000000000000053,-0.20000000000000018,0.0333333333333341,0.03851438758632393,0.004425873956855375,0.023393920453299945,0.0043791388783339675,5.25,0.009999999999999787,1.75,1.71,1.67,1.6399999999999997,1.6999999999999993,1.7000000000000002,0.021051056620195078,0.0262106387815188,0.06617709801050771,-0.1409125111046676,0.05168021525109861,0.004559047458933208,0.0,0.0,0.0,0.0
2006-09-01,-0.211,-0.05,-0.2139130434782608,-0.0269565217391304,0.1886363636363636,-0.0154545454545454,0.0960869565217391,-0.0099999999999999,0.7047619047619048,0.2528571428571429,4.5,-0.09999999999999964,-0.5,8.881784197001252e-16,0.01992097749455435,-0.004918849071596378,0.04129478686590696,-0.0016629623569391534,5.25,0.0,1.63,1.71,1.71,1.67,1.6900000000000004,1.83,0.024269399114309694,0.0503934451404933,0.08352150600362403,-0.11980791187207102,0.05048814136498795,0.003934431304834522,0.0,0.0,0.0,0.0
2006-10-01,-0.3171428571428571,-0.0666666666666666,-0.211,-0.05,0.011,-0.031,0.2689473684210526,0.101578947368421,0.671,0.1925,4.4,-0.2999999999999998,-0.5999999999999996,-0.09999999999999964,0.013965314248641348,-0.004447746398236365,0.02808298150257,-0.0011474759561266442,5.25,0.0,1.4700000000000002,1.6899999999999995,1.71,1.67,1.6899999999999995,1.8399999999999999,0.031021812670560825,0.07634226840506575,0.13244335258052836,-0.09207481640349928,0.05245383624936139,0.007066053005960459,0.0,0.0,0.0,0.0
2006-11-01,-0.4780952380952381,-0.1452380952380952,-0.3171428571428571,-0.0666666666666666,-0.2139130434782608,-0.0269565217391304,0.2736363636363636,0.1418181818181818,0.5605,0.1185,4.5,-0.20000000000000018,-0.5,-0.06666666666666643,0.01949574369669962,0.0004951720824129466,0.016485032252738094,-0.0004204326283365999,5.25,0.0,1.25,1.6000000000000005,1.6899999999999995,1.71,1.6399999999999997,1.8499999999999996,0.016332551131230073,0.07162376291610073,0.11419468975702986,-0.0771243244199734,0.05498577964850562,0.005057387069605902,0.0,0.0,0.0,0.0
2006-12-01,-0.4085,-0.109,-0.4780952380952381,-0.1452380952380952,-0.211,-0.05,0.1886363636363636,-0.0154545454545454,0.4961904761904762,0.0628571428571428,4.4,-0.09999999999999964,-0.5,-0.033333333333333215,0.02492651488183365,0.005430771185134245,0.021475085785196066,0.010141747096689285,5.24,-0.009999999999999787,1.08,1.6600000000000001,1.6000000000000005,1.71,1.67,1.8500000000000005,0.012536866857911234,0.05989123065970221,0.1276843597048715,-0.06548152533191344,0.057003060870629146,0.006077668116912891,0.0,0.0,0.0,0.0
2007-01-01,-0.3457142857142857,-0.1166666666666666,-0.4085,-0.109,-0.3171428571428571,-0.0666666666666666,0.011,-0.031,0.08,0.0204999999999999,4.6,0.1999999999999993,-0.10000000000000053,0.06666666666666643,0.0205451474238225,0.0016579060562328177,0.01650961958996347,-0.00338886599431626,5.25,0.009999999999999787,0.96,1.58,1.6600000000000001,1.6899999999999995,1.67,1.8200000000000003,0.013961131307325757,0.04283054929646717,0.11649759540461727,-0.05234308989060017,0.05607893048301253,0.005380900970601246,0.0,0.0,1.0,0.0
2007-02-01,-0.4405263157894736,-0.1263157894736842,-0.3457142857142857,-0.1166666666666666,-0.4780952380952381,-0.1452380952380952,-0.2139130434782608,-0.0269565217391304,0.0294736842105263,-0.0994736842105263,4.5,0.0,-0.2999999999999998,0.06666666666666643,0.023914366248373273,0.0038708491335397678,0.025466588717299104,0.009378469307673878,5.26,0.009999999999999787,0.7699999999999996,1.5600000000000005,1.58,1.6000000000000005,1.71,1.6999999999999993,-0.022088337053376834,0.004409661111860252,0.09395620326783936,-0.07304576952883232,0.05467557931825446,0.0022452053269244533,0.0,0.0,1.0,0.0
2007-03-01,-0.5154545454545455,-0.009090909090909,-0.4405263157894736,-0.1263157894736842,-0.4085,-0.109,-0.211,-0.05,0.0960869565217391,-0.0099999999999999,4.4,0.0,-0.2999999999999998,0.06666666666666643,0.027597630847541504,0.005186647493199586,0.02499308950685627,0.001778615449302796,5.26,0.0,0.6699999999999999,1.71,1.5600000000000005,1.6600000000000001,1.71,1.6900000000000004,0.009930511784698804,0.0018033060386475795,0.09285201154308798,-0.06379478212330494,0.05725689283199712,0.004740438871903485,0.0,0.0,1.0,0.0
2007-04-01,-0.3128571428571429,0.0276190476190476,-0.5154545454545455,-0.009090909090909,-0.3457142857142857,-0.1166666666666666,-0.3171428571428571,-0.0666666666666666,0.2689473684210526,0.101578947368421,4.5,-0.09999999999999964,-0.20000000000000018,0.033333333333333215,0.0255987849490166,0.002996169481998037,0.028661330965338433,0.00670031990175266,5.25,-0.009999999999999787,0.45999999999999996,1.6999999999999993,1.71,1.58,1.6899999999999995,1.6899999999999995,0.04237984325323969,0.030222017984561575,0.12314948852710221,-0.0232658118602877,0.06178108320840472,0.010063309737700527,0.0,0.0,1.0,0.0
2007-05-01,-0.1213636363636363,-0.02,-0.3128571428571429,0.0276190476190476,-0.4405263157894736,-0.1263157894736842,-0.4780952380952381,-0.1452380952380952,0.2736363636363636,0.1418181818181818,4.4,-0.09999999999999964,-0.1999999999999993,0.0,0.026738184762487557,0.004124476656924383,0.02936313788373719,0.000955921474810443,5.25,0.0,0.3099999999999996,1.6399999999999997,1.6999999999999993,1.5600000000000005,1.6000000000000005,1.6399999999999997,0.03203072385189615,0.08434107888983461,0.1865851416993142,0.0,0.06270045915978982,0.0019178636193224374,0.0,0.0,1.0,0.0
2007-06-01,0.3609523809523809,0.1223809523809523,-0.1213636363636363,-0.02,-0.5154545454545455,-0.009090909090909,-0.4085,-0.109,0.1886363636363636,-0.0154545454545454,4.6,0.1999999999999993,0.0,0.06666666666666643,0.02657148166818345,0.002314072179458679,0.026778576451020466,0.0005768477837079103,5.25,0.0,0.2599999999999998,1.6000000000000005,1.6399999999999997,1.71,1.6600000000000001,1.67,-0.017976943869676052,0.05643362323545976,0.16852160507430303,-0.017816322547885014,0.061690325732293654,0.004565966783968551,0.0,0.0,1.0,0.0
2007-07-01,0.0433333333333333,0.1852380952380952,0.3609523809523809,0.1223809523809523,-0.3128571428571429,0.0276190476190476,-0.3457142857142857,-0.1166666666666666,0.011,-0.031,4.7,0.20000000000000018,0.0,0.13333333333333286,0.022914355222603735,0.001779012466680695,0.026091066246559786,-0.0012002567099922434,5.26,0.009999999999999787,0.019999999999999574,1.6500000000000004,1.6000000000000005,1.6999999999999993,1.58,1.67,-0.03250447118036484,-0.01845069119814465,0.1309441444879497,-0.04922840144928889,0.05983927162941387,0.004230999362746164,0.0,1.0,1.0,0.0
2007-08-01,0.3578260869565217,0.3617391304347826,0.0433333333333333,0.1852380952380952,-0.1213636363636363,-0.02,-0.4405263157894736,-0.1263157894736842,-0.2139130434782608,-0.0269565217391304,4.6,0.1999999999999993,-0.10000000000000053,0.1999999999999993,0.01879671446586731,0.00030823320011906714,0.023635966753074847,0.0019240393848492087,5.02,-0.2400000000000002,-0.23000000000000043,1.9800000000000004,1.6500000000000004,1.6399999999999997,1.5600000000000005,1.71,0.012781539018930576,-0.03769987603111035,0.12267462688668523,-0.03699808251784715,0.06562455809380031,0.010344333923319583,0.0,1.0,1.0,0.0
2007-09-01,0.5273684210526316,0.51,0.3578260869565217,0.3617391304347826,0.3609523809523809,0.1223809523809523,-0.5154545454545455,-0.009090909090909,-0.211,-0.05,4.7,0.10000000000000053,0.20000000000000018,0.2333333333333334,0.027944163782901547,0.004228600245437914,0.027519055894431266,0.002220126784417204,4.94,-0.07999999999999918,-0.3099999999999996,2.0700000000000003,1.9800000000000004,1.6000000000000005,1.71,1.71,0.03516829026279035,0.015445358101356152,0.13357351803516593,-0.0025283840074826706,0.06414829196739494,0.0024581651784292683,0.0,1.0,1.0,0.0
2007-10-01,0.525,0.56,0.5273684210526316,0.51,0.0433333333333333,0.1852380952380952,-0.3128571428571429,0.0276190476190476,-0.3171428571428571,-0.0666666666666666,4.7,0.0,0.2999999999999998,0.2333333333333334,0.03547040458223712,0.003078494401099269,0.025842470636043433,-0.0028240612145145495,4.76,-0.1800000000000006,-0.4900000000000002,1.9500000000000002,2.0700000000000003,1.6500000000000004,1.6999999999999993,1.6899999999999995,0.014713560940170525,0.06266339022189153,0.11726526630477574,0.0,0.0591171292607358,0.002034890299301217,1.0,1.0,1.0,0.0
2007-11-01,0.794,0.8119999999999999,0.525,0.56,0.3578260869565217,0.3617391304347826,-0.1213636363636363,-0.02,-0.4780952380952381,-0.1452380952380952,4.7,0.10000000000000053,0.20000000000000018,0.2666666666666666,0.04280339658269746,0.007828164082873188,0.03158361506109461,0.0053207117967144805,4.49,-0.2699999999999996,-0.7599999999999998,2.25,1.9500000000000002,1.9800000000000004,1.6399999999999997,1.6000000000000005,-0.04504278263090341,0.004839068572057478,0.05588993254264205,-0.0440434173794158,0.05748677337132423,0.0034270311801943253,1.0,1.0,1.0,0.0
2007-12-01,1.031,0.9805,0.794,0.8119999999999999,0.5273684210526316,0.51,0.3609523809523809,0.1223809523809523,-0.4085,-0.109,5.0,0.2999999999999998,0.5999999999999996,0.36666666666666625,0.04026644880051255,0.002893823402949134,0.02179062867071779,0.0003487607063124457,4.24,-0.25,-1.0,2.5500000000000007,2.25,2.0700000000000003,1.6000000000000005,1.6600000000000001,-0.008665949670829879,-0.03899517136156276,0.034687116013900884,-0.05229189693678663,0.055466014584317026,0.004056909329905823,1.0,1.0,1.0,0.0
2008-01-01,0.9242857142857144,1.268571428571429,1.031,0.9805,0.525,0.56,0.0433333333333333,0.1852380952380952,-0.3457142857142857,-0.1166666666666666,5.0,0.2999999999999998,0.40000000000000036,0.4666666666666659,0.04205031811145322,0.0034417753671732187,0.023855121264066175,-0.001324373400967894,3.94,-0.30000000000000027,-1.31,2.8,2.5500000000000007,1.9500000000000002,1.6500000000000004,1.58,-0.0631138642063085,-0.11682259650804182,-0.04238787949973336,-0.11025697731758727,0.0545647030102791,0.004479589396563204,1.0,1.0,1.0,1.0
2008-02-01,1.5635,1.7645,0.9242857142857144,1.268571428571429,0.794,0.8119999999999999,0.3578260869565217,0.3617391304347826,-0.4405263157894736,-0.1263157894736842,4.9,0.20000000000000018,0.40000000000000036,0.5333333333333332,0.04059437761536767,0.002414908637454258,0.010546981058257804,-0.003929670898134499,2.98,-0.96,-2.28,3.08,2.8,2.25,1.9800000000000004,1.5600000000000005,-0.03537973959244805,-0.1071595534695865,-0.055679282038804616,-0.14118550601570798,0.06376028642899027,0.011440788745635727,1.0,1.0,1.0,1.0
2008-03-01,2.2265,1.893,1.5635,1.7645,1.031,0.9805,0.5273684210526316,0.51,-0.5154545454545455,-0.009090909090909,5.1,0.09999999999999964,0.6999999999999993,0.5666666666666664,0.03897937201491333,0.0035716418927452974,0.005717876807872438,-0.003050488801082816,2.61,-0.3700000000000001,-2.65,3.38,3.08,2.5500000000000007,2.0700000000000003,1.71,-0.0059774528264186924,-0.10447105662517535,-0.07158724664992193,-0.1463037169684415,0.06766203831006878,0.008642190752982167,1.0,1.0,1.0,1.0
2008-04-01,2.3631818181818183,1.627727272727273,2.2265,1.893,0.9242857142857144,1.268571428571429,0.525,0.56,-0.3128571428571429,0.0276190476190476,5.0,0.0,0.5,0.5666666666666664,0.03829490949842318,0.002311706965507739,-0.007455398884005514,-0.0064729557901251926,2.28,-0.33000000000000007,-2.97,3.2899999999999996,3.38,2.8,1.9500000000000002,1.6999999999999993,0.04645095190758541,0.005093759488718662,-0.06751613799557633,-0.10571327792169893,0.06312450242470966,0.005525773852341453,1.0,1.0,1.0,1.0
2008-05-01,2.1157142857142857,1.4342857142857142,2.3631818181818183,1.627727272727273,1.5635,1.7645,0.794,0.8119999999999999,-0.1213636363636363,-0.02,5.4,0.5,1.0,0.7333333333333334,0.04007048490962267,0.005900052068123849,-0.014487525542849626,-0.006076205184033746,1.98,-0.2999999999999998,-3.27,3.05,3.2899999999999996,3.08,2.25,1.6399999999999997,0.010617614807393634,0.051091113888560136,-0.08892924704007904,-0.09616749895469938,0.06285196199018808,0.0016453231848009436,1.0,1.0,1.0,1.0
2008-06-01,2.209047619047619,1.3257142857142856,2.1157142857142857,1.4342857142857142,2.2265,1.893,1.031,0.9805,0.3609523809523809,0.1223809523809523,5.6,0.5,1.0,0.833333333333333,0.04818013152732992,0.01042371879716586,-0.0173998606490538,-0.0023354873224962834,2.0,0.020000000000000018,-3.25,2.9700000000000006,3.05,3.38,2.5500000000000007,1.6000000000000005,-0.08988355391782211,-0.03281498720284333,-0.16083585708822515,-0.17386309622808582,0.060703719457671404,0.002417724251451722,1.0,1.0,1.0,1.0
2008-07-01,2.352727272727273,1.4345454545454546,2.209047619047619,1.3257142857142856,2.3631818181818183,1.627727272727273,0.9242857142857144,1.268571428571429,0.0433333333333333,0.1852380952380952,5.8,0.7999999999999998,1.0999999999999996,1.033333333333334,0.0535171844541535,0.0071160653935043484,-0.019779808004119596,-0.003580204065058132,2.01,0.009999999999999787,-3.25,3.1500000000000004,2.9700000000000006,3.2899999999999996,2.8,1.6500000000000004,-0.009908296633774068,-0.08917423574420259,-0.1382396825416343,-0.18200828661224985,0.06256217509201853,0.006089454997093487,1.0,1.0,1.0,1.0
2008-08-01,2.132857142857143,1.4652380952380952,2.352727272727273,1.4345454545454546,2.1157142857142857,1.4342857142857142,1.5635,1.7645,0.3578260869565217,0.3617391304347826,6.1,0.6999999999999993,1.5,1.2000000000000002,0.05171936664573997,-0.0014895846082944983,-0.03752826319457977,-0.015824415805610854,2.0,-0.009999999999999787,-3.0199999999999996,3.2600000000000002,3.1500000000000004,3.05,3.08,1.9800000000000004,0.012116759351493936,-0.08767509120010225,-0.13890446220907104,-0.17203658753056228,0.05408999661710252,0.00187215544840352,1.0,1.0,1.0,1.0
2008-09-01,2.5395238095238093,1.61,2.132857142857143,1.4652380952380952,2.209047619047619,1.3257142857142856,2.2265,1.893,0.5273684210526316,0.51,6.1,0.5,1.3999999999999995,1.333333333333333,0.048345492699975186,0.0008547262996730604,-0.0847959905485592,-0.0450476005695623,1.81,-0.18999999999999995,-3.1300000000000003,3.6199999999999997,3.2600000000000002,2.9700000000000006,3.38,2.0700000000000003,-0.09518076507694331,-0.09297230235922348,-0.2692535175488047,-0.24720857267047264,0.06012775579256243,0.008495924353889135,1.0,1.0,1.0,1.0
2008-10-01,3.128181818181818,2.2018181818181817,2.5395238095238093,1.61,2.352727272727273,1.4345454545454546,2.3631818181818183,1.627727272727273,0.525,0.56,6.5,0.7000000000000002,1.7999999999999998,1.5666666666666664,0.036631381899317396,-0.008635616399558413,-0.07207960872579773,0.009892320608247046,0.97,-0.8400000000000001,-3.79,5.07,3.6199999999999997,3.1500000000000004,3.2899999999999996,1.9500000000000002,-0.1856364738868827,-0.26870047961233207,-0.46960355237585794,-0.37474990193043606,0.0710290034334551,0.012936137940193807,1.0,1.0,1.0,1.0
2008-11-01,3.332777777777778,2.3138888888888887,3.128181818181818,2.2018181818181817,2.132857142857143,1.4652380952380952,2.1157142857142857,1.4342857142857142,0.794,0.8119999999999999,6.8,0.7000000000000002,2.0999999999999996,1.7666666666666657,0.010939123723626152,-0.017864094092817806,-0.09068897358310556,-0.013288653060593257,0.39,-0.58,-4.1000000000000005,5.6800000000000015,5.07,3.2600000000000002,3.05,2.25,-0.0777983573133054,-0.3586155962771314,-0.5023591270582599,-0.4215492729931272,0.0741137219953617,0.00651174974210073,1.0,1.0,1.0,1.0
2008-12-01,2.3822727272727278,1.5954545454545457,3.332777777777778,2.3138888888888887,2.5395238095238093,1.61,2.209047619047619,1.3257142857142856,1.031,0.9805,7.3,1.2000000000000002,2.3,2.0666666666666664,-0.00022230473340491172,-0.008267605054081875,-0.11964193114332661,-0.02860419685390871,0.16,-0.23,-4.08,6.01,5.6800000000000015,3.6199999999999997,2.9700000000000006,2.5500000000000007,0.0077911466734982004,-0.2556436845266899,-0.4859020307139318,-0.41702487630313945,0.09195311431832703,0.021896301652871226,1.0,1.0,1.0,1.0
2009-01-01,2.388,1.7105,2.3822727272727278,1.5954545454545457,3.128181818181818,2.2018181818181817,2.352727272727273,1.4345454545454546,0.9242857142857144,1.268571428571429,7.8,1.2999999999999998,2.8,2.4000000000000004,-0.001136505768311072,0.002527574332267035,-0.14357673806250096,-0.025259180320142356,0.15,-0.010000000000000009,-3.79,5.620000000000001,6.01,5.07,3.1500000000000004,2.8,-0.08954987959881684,-0.15955709023862397,-0.5123380461064401,-0.46696097646795304,0.09769569872884218,0.010222173807078246,1.0,1.0,1.0,1.0
2009-02-01,2.5747368421052634,1.894736842105263,2.388,1.7105,3.332777777777778,2.3138888888888887,2.132857142857143,1.4652380952380952,1.5635,1.7645,8.3,1.5000000000000009,3.4000000000000004,2.833333333333333,8.462782567965039e-05,0.0036360422314449577,-0.145751241813848,-0.006104174649481386,0.22,0.07,-2.76,5.21,5.620000000000001,5.6800000000000015,3.2600000000000002,3.08,-0.11645651319919006,-0.19821524612450872,-0.5934148197131822,-0.5255585947031327,0.08990369205203452,0.0036487820688280172,1.0,1.0,1.0,1.0
2009-03-01,2.6036363636363635,1.8881818181818184,2.5747368421052634,1.894736842105263,2.3822727272727278,1.5954545454545457,2.5395238095238093,1.61,2.2265,1.893,8.7,1.3999999999999995,3.5999999999999996,3.2666666666666657,-0.004474784608338522,-0.0009877705412728336,-0.15848044863872274,-0.01577969562595754,0.18,-0.04000000000000001,-2.4299999999999997,5.6,5.21,6.01,3.6199999999999997,3.38,0.08195269356125574,-0.12405369923675116,-0.5054846733255077,-0.4850391817354488,0.08929473077706097,0.008033229478008608,1.0,1.0,1.0,1.0
2009-04-01,2.769047619047619,2.0,2.6036363636363635,1.8881818181818184,2.388,1.7105,3.128181818181818,2.2018181818181817,2.3631818181818183,1.627727272727273,9.0,1.2000000000000002,4.0,3.666666666666666,-0.005779915821649152,0.0010065757521972496,-0.16033260791166892,-0.008325115063071317,0.15,-0.03,-2.13,5.460000000000001,5.6,5.620000000000001,5.07,3.2899999999999996,0.08977221824359974,0.05526839860566533,-0.46216340698949343,-0.4366714461216964,0.08432923111610074,0.0005602741913809545,1.0,1.0,1.0,1.0
2009-05-01,3.116,2.3635,2.769047619047619,2.0,2.5747368421052634,1.894736842105263,3.332777777777778,2.3138888888888887,2.1157142857142857,1.4342857142857142,9.4,1.0999999999999996,4.0,3.8666666666666663,-0.010209555557125872,0.0014704123326470166,-0.16440731365765943,-0.01015091093002428,0.18,0.03,-1.8,4.7700000000000005,5.460000000000001,5.21,5.6800000000000015,3.05,0.051720577155174065,0.22344548896002947,-0.4210604446417129,-0.4067691516917718,0.08958404991464364,0.006900141983343969,1.0,1.0,1.0,1.0
2009-06-01,3.5431818181818184,2.5377272727272726,3.116,2.3635,2.6036363636363635,1.8881818181818184,2.3822727272727278,1.5954545454545457,2.209047619047619,1.3257142857142856,9.5,0.8000000000000007,3.9000000000000004,3.966666666666666,-0.012367914498850108,0.008265359855441612,-0.16584776237891422,-0.0037759360437510654,0.21,0.03,-1.79,3.78,4.7700000000000005,5.6,6.01,2.9700000000000006,0.00019580809395360792,0.14168860349272752,-0.3309810826299371,-0.40665298091687224,0.0883609912102536,0.001194665547061862,0.0,0.0,0.0,1.0
2009-07-01,3.3786363636363634,2.5431818181818184,3.5431818181818184,2.5377272727272726,2.769047619047619,2.0,2.388,1.7105,2.352727272727273,1.4345454545454546,9.5,0.5,3.7,3.8666666666666663,-0.019781989747510612,-0.00029800985515629995,-0.15104059546473272,0.011226962849123383,0.16,-0.04999999999999999,-1.8499999999999999,3.53,3.78,5.460000000000001,5.620000000000001,3.1500000000000004,0.07152194934301422,0.12343833459214204,-0.2495508366531487,-0.36266120812405983,0.08276790798216245,0.0004963717690022966,0.0,0.0,0.0,0.0
2009-08-01,3.415238095238095,2.4719047619047623,3.3786363636363634,2.5431818181818184,3.116,2.3635,2.5747368421052634,1.894736842105263,2.132857142857143,1.4652380952380952,9.6,0.1999999999999993,3.5,3.7,-0.014949545348335981,0.00334285979088001,-0.12430889854137352,0.010907281117748377,0.16,0.0,-1.84,2.99,3.53,4.7700000000000005,5.21,3.2600000000000002,0.03300933634285532,0.10472709377982324,-0.2286582596617873,-0.3412719978954535,0.08083667357471302,-5.9078959045957564e-05,0.0,0.0,0.0,0.0
2009-09-01,3.2785714285714285,2.4457142857142857,3.415238095238095,2.4719047619047623,3.5431818181818184,2.5377272727272726,2.6036363636363635,1.8881818181818184,2.5395238095238093,1.61,9.8,0.3000000000000007,3.700000000000001,3.633333333333333,-0.013875246181173577,0.001929025466835424,-0.07048554700434612,0.008775750967465086,0.15,-0.010000000000000009,-1.6600000000000001,2.9099999999999997,2.99,3.78,5.6,3.6199999999999997,0.03510006736774632,0.1396313530536158,-0.09837742721709773,-0.3177400297387729,0.07217530956456096,-0.00016543965626279484,0.0,0.0,0.0,0.0
2009-10-01,3.313333333333333,2.4385714285714286,3.2785714285714285,2.4457142857142857,3.3786363636363634,2.5431818181818184,2.769047619047619,2.0,3.128181818181818,2.2018181818181817,10.0,0.5,3.5,3.5666666666666655,-0.002242194783029564,0.002997434998585561,-0.07768603596551207,0.0026918316470811773,0.12,-0.03,-0.85,2.9,2.9099999999999997,3.53,5.460000000000001,5.07,-0.01995988019711955,0.04814952351348212,0.06729916647266529,-0.3312228516304996,0.062342510496582335,0.00310333887221533,0.0,0.0,0.0,0.0
2009-11-01,3.3505263157894736,2.599473684210526,3.313333333333333,2.4385714285714286,3.415238095238095,2.4719047619047623,3.116,2.3635,3.332777777777778,2.3138888888888887,9.9,0.3000000000000007,3.1000000000000005,3.4333333333333345,0.018964895854719114,0.003342996544930736,-0.060068657683157625,0.004328725221761207,0.12,0.0,-0.27,2.9200000000000004,2.9,2.99,4.7700000000000005,5.6800000000000015,0.055779076586737225,0.07091926375736379,0.2008766003727078,-0.29285907819258283,0.05925330700950411,0.0034225462550224587,0.0,0.0,0.0,0.0
2009-12-01,3.5354545454545456,2.7154545454545453,3.3505263157894736,2.599473684210526,3.2785714285714285,2.4457142857142857,3.5431818181818184,2.5377272727272726,2.3822727272727278,1.5954545454545457,9.9,0.09999999999999964,2.6000000000000005,3.0666666666666655,0.027752542063599207,0.0005200411547981258,-0.02741460081437527,0.004049860014873604,0.12,0.0,-0.04000000000000001,2.7800000000000002,2.9200000000000004,2.9099999999999997,3.78,6.01,0.017614520350300044,0.053433716739917626,0.21069997404950977,-0.2802927802916379,0.036793267761546934,-0.000563737595086047,0.0,0.0,0.0,0.0
2010-01-01,3.671578947368421,2.804210526315789,3.5354545454545456,2.7154545454545453,3.313333333333333,2.4385714285714286,3.3786363636363634,2.5431818181818184,2.388,1.7105,9.8,-0.1999999999999993,2.000000000000001,2.5666666666666673,0.025873489607178453,0.0006485218758462614,0.00868521798481535,0.010840638479048323,0.11,-0.009999999999999995,-0.039999999999999994,2.52,2.7800000000000002,2.9,3.53,5.620000000000001,-0.0376751237121947,0.03571847322484241,0.26257472993613185,-0.30690341185962977,0.02250985199079204,-0.004061241963676633,0.0,0.0,0.0,0.0
2010-02-01,3.582105263157895,2.8342105263157897,3.671578947368421,2.804210526315789,3.3505263157894736,2.599473684210526,3.415238095238095,2.4719047619047623,2.5747368421052634,1.894736842105263,9.8,-0.09999999999999964,1.5,2.033333333333334,0.02128521749898837,-0.0009522298767451217,0.018535336725393287,0.0037459440910966642,0.13,0.020000000000000004,-0.09,2.65,2.52,2.9200000000000004,2.99,5.21,0.028114739741840464,0.008054136379945807,0.4071459828771624,-0.2871406712661732,0.024694664824719634,0.0058335949027557765,0.0,0.0,0.0,0.0
2010-03-01,3.57695652173913,2.768695652173913,3.582105263157895,2.8342105263157897,3.5354545454545456,2.7154545454545453,3.2785714285714285,2.4457142857142857,2.6036363636363635,1.8881818181818184,9.9,0.0,1.200000000000001,1.5666666666666682,0.022604301286158215,0.00033131324589703154,0.04114839347867626,0.006833361127325352,0.16,0.03,-0.01999999999999999,2.5399999999999996,2.65,2.7800000000000002,2.9099999999999997,5.6,0.0571328154163926,0.04757243144603832,0.38232610473229933,-0.24522709081986155,0.016215708452616683,-0.0004457268940943274,0.0,0.0,0.0,0.0
2010-04-01,3.684545454545455,2.786363636363636,3.57695652173913,2.768695652173913,3.671578947368421,2.804210526315789,3.313333333333333,2.4385714285714286,2.769047619047619,2.0,9.9,0.09999999999999964,0.9000000000000004,1.200000000000001,0.02182773961183641,0.0002300140778755736,0.05286006474177777,0.003386556200030132,0.2,0.04000000000000001,0.05000000000000002,2.4,2.5399999999999996,2.52,2.9,5.460000000000001,0.014651373006918428,0.09989892816515153,0.30720525949561805,-0.23408722349169248,0.019320908581839113,0.0036654743206033795,0.0,0.0,0.0,0.0
2010-05-01,3.26,2.5895,3.684545454545455,2.786363636363636,3.582105263157895,2.8342105263157897,3.3505263157894736,2.599473684210526,3.116,2.3635,9.6,-0.20000000000000107,0.1999999999999993,0.7666666666666657,0.01983742011461404,-0.0005199071645752246,0.0764295073547246,0.01341853168292252,0.2,0.0,0.020000000000000018,2.63,2.4,2.65,2.9200000000000004,4.7700000000000005,-0.08553157288349063,-0.013747384460179701,0.16995310945695322,-0.2968735683005764,0.018736405344866813,0.006315638746371708,0.0,0.0,0.0,0.0
2010-06-01,3.080454545454545,2.4795454545454545,3.26,2.5895,3.57695652173913,2.768695652173913,3.5354545454545456,2.7154545454545453,3.5431818181818184,2.5377272727272726,9.4,-0.5,-0.09999999999999964,0.3333333333333339,0.011153177381444416,-0.00041888287772799443,0.08205294560772768,0.0018475022092518819,0.18,-0.020000000000000018,-0.03,3.0300000000000002,2.63,2.5399999999999996,2.7800000000000002,3.78,-0.055388449405503734,-0.12626864928207598,0.1143688519574958,-0.3347597376439243,0.019757890753266488,0.0022161509554615324,0.0,0.0,0.0,0.0
2010-07-01,2.853809523809524,2.394761904761905,3.080454545454545,2.4795454545454545,3.684545454545455,2.786363636363636,3.671578947368421,2.804210526315789,3.3786363636363634,2.5431818181818184,9.4,-0.5,-0.09999999999999964,0.0,0.013318695897959597,0.0018675086613587765,0.0746158285022034,0.003789845743598986,0.18,0.0,0.01999999999999999,3.0,3.0300000000000002,2.4,2.52,3.53,0.066515799010857,-0.07440422327813731,0.10936270162533873,-0.2890059429486073,0.02058191112402446,0.001320392139760327,0.0,0.0,0.0,0.0
2010-08-01,2.5436363636363635,2.178181818181818,2.853809523809524,2.394761904761905,3.26,2.5895,3.582105263157895,2.8342105263157897,3.415238095238095,2.4719047619047623,9.5,-0.09999999999999964,-0.09999999999999964,-0.033333333333333215,0.011436132834318024,0.0014602967272386344,0.06736648298075315,0.0036579355962980567,0.19,0.010000000000000009,0.03,2.96,3.0,2.63,2.65,2.99,-0.048611822887418846,-0.037484473282065514,0.02774154239506454,-0.32274203052332945,0.026227532308455183,0.005586542225384648,0.0,0.0,0.0,0.0
2010-09-01,2.4957142857142856,2.167619047619048,2.5436363636363635,2.178181818181818,3.080454545454545,2.4795454545454545,3.57695652173913,2.768695652173913,3.2785714285714285,2.4457142857142857,9.5,0.09999999999999964,-0.3000000000000007,0.033333333333333215,0.011121053678140097,0.0016139463106576751,0.06153415727915752,0.002943425265869447,0.19,0.0,0.04000000000000001,3.0100000000000002,2.96,3.0300000000000002,2.5399999999999996,2.9099999999999997,0.08392847418803404,0.10183245031147231,0.07656994921535237,-0.2634473482454746,0.0299318632064642,0.0035388912417462096,0.0,0.0,0.0,0.0
2010-10-01,2.4055,2.164,2.4957142857142856,2.167619047619048,2.853809523809524,2.394761904761905,3.684545454545455,2.786363636363636,3.313333333333333,2.4385714285714286,9.4,0.0,-0.5999999999999996,0.033333333333333215,0.011599417381349782,0.003475798701795249,0.05600463438698175,-0.0028376912450945716,0.19,0.0,0.07,3.1799999999999997,3.0100000000000002,3.0,2.4,2.9,0.03619305175049079,0.07150970305110607,0.13272288116296288,-0.23630096810554815,0.032512729699113965,0.005684205364865149,0.0,0.0,0.0,0.0
2010-11-01,2.62,2.309,2.4055,2.164,2.5436363636363635,2.178181818181818,3.26,2.5895,3.3505263157894736,2.599473684210526,9.8,0.3000000000000007,-0.09999999999999964,0.13333333333333464,0.010787057695652415,0.0025306368592334975,0.05254509371783131,0.000869184552610764,0.19,0.0,0.07,3.16,3.1799999999999997,2.96,2.63,2.9200000000000004,-0.0022928763797244473,0.11782864955880046,0.0746509281965012,-0.23805002961980523,0.03143677342356429,0.002346589979472724,0.0,0.0,0.0,0.0
2010-12-01,3.15,2.6727272727272724,2.62,2.309,2.4957142857142856,2.167619047619048,3.080454545454545,2.4795454545454545,3.5354545454545456,2.7154545454545453,9.3,-0.1999999999999993,-0.5999999999999996,0.06666666666666643,0.014275547979704057,0.004008531438849716,0.05823306283773548,0.009737829134777881,0.18,-0.010000000000000009,0.06,2.8099999999999996,3.16,3.0100000000000002,3.0300000000000002,2.7800000000000002,0.06325648750899807,0.09715666287976463,0.1202928953551992,-0.18829466581146487,0.03588418744594238,0.003883676427292018,0.0,0.0,0.0,0.0
2011-01-01,3.242,2.7795,3.15,2.6727272727272724,2.4055,2.164,2.853809523809524,2.394761904761905,3.671578947368421,2.804210526315789,9.1,-0.3000000000000007,-0.7000000000000011,-0.033333333333333215,0.01686482098466286,0.003237794880805334,0.045284068217758336,-0.002108356140929006,0.17,-0.009999999999999981,0.06000000000000001,2.6999999999999997,2.8099999999999996,3.1799999999999997,3.0,2.52,0.022392969812412192,0.08335658094168576,0.18036098887980603,-0.16991313230838853,0.042865271685032034,0.0029198422754130424,0.0,0.0,0.0,0.0
2011-02-01,3.444210526315789,2.803684210526316,3.242,2.7795,2.62,2.309,2.5436363636363635,2.178181818181818,3.582105263157895,2.8342105263157897,9.0,-0.8000000000000007,-0.8000000000000007,-0.2666666666666675,0.02102637011283329,0.0032093192514253887,0.0375593759977209,-0.00397874812894078,0.16,-0.010000000000000009,0.03,2.5700000000000003,2.6999999999999997,3.16,2.96,2.65,0.03145657676282469,0.11710603408423484,0.18370282590079018,-0.14338640842114816,0.04427176177997607,0.007240084997699847,0.0,0.0,0.0,0.0
2011-03-01,3.313913043478261,2.7169565217391307,3.444210526315789,2.803684210526316,3.15,2.6727272727272724,2.4957142857142856,2.167619047619048,3.57695652173913,2.768695652173913,9.0,-0.3000000000000007,-0.9000000000000004,-0.09999999999999964,0.025855268252593513,0.005160211385657418,0.04107500594220018,0.010348991071804621,0.14,-0.01999999999999999,-0.01999999999999999,2.62,2.5700000000000003,2.8099999999999996,3.0100000000000002,2.5399999999999996,-0.0010478617545838823,0.052801684820652985,0.12552214872981368,-0.14428355091947453,0.05122583156174186,0.0065083428876713725,0.0,0.0,0.0,0.0
2011-04-01,3.3965000000000005,2.7205000000000004,3.313913043478261,2.7169565217391307,3.242,2.7795,2.4055,2.164,3.684545454545455,2.786363636363636,9.1,0.0,-0.8000000000000007,0.0,0.030308370223773487,0.004683116049055338,0.03445295036032544,-0.003235499381844537,0.1,-0.04000000000000001,-0.1,2.5599999999999996,2.62,2.6999999999999997,3.1799999999999997,2.4,0.028096938770245248,0.058505653778486114,0.1389677144931407,-0.11989958496030852,0.05462446312211732,0.007064105880978902,0.0,0.0,0.0,0.0
2011-05-01,3.127619047619048,2.6133333333333333,3.3965000000000005,2.7205000000000004,3.444210526315789,2.803684210526316,2.62,2.309,3.26,2.5895,9.0,0.0,-0.5999999999999996,0.0,0.03400494117946857,0.0031766637911199167,0.022239771612834858,0.001205352935432107,0.09,-0.010000000000000009,-0.11000000000000001,2.6100000000000003,2.5599999999999996,2.5700000000000003,3.16,2.63,-0.013592919455284002,0.013456157560377376,0.2109063679213472,-0.13178177920682582,0.05632302156696846,0.008014197191222752,0.0,0.0,0.0,0.0
2011-06-01,2.9650000000000003,2.591818181818182,3.127619047619048,2.6133333333333333,3.313913043478261,2.7169565217391307,3.15,2.6727272727272724,3.080454545454545,2.4795454545454545,9.1,0.09999999999999964,-0.3000000000000007,0.033333333333333215,0.034423824057196496,0.0,0.02341258436577012,0.0030203149621870753,0.09,0.0,-0.09,2.75,2.6100000000000003,2.62,2.8099999999999996,3.0300000000000002,-0.018426185911932576,-0.003922166596971274,0.2478686314149185,-0.14763324007894096,0.06223161800989433,0.008124747398387299,0.0,0.0,0.0,0.0
2011-07-01,2.9655,2.5965,2.9650000000000003,2.591818181818182,3.3965000000000005,2.7205000000000004,3.242,2.7795,2.853809523809524,2.394761904761905,9.0,-0.09999999999999964,-0.40000000000000036,0.0,0.035172925914501225,0.002616610518663307,0.024537794489509705,0.004915055867338456,0.07,-0.01999999999999999,-0.10999999999999999,2.76,2.75,2.5599999999999996,2.6999999999999997,3.0,-0.02170835585666382,-0.0537274612238804,0.15964447654739752,-0.1659373263987509,0.07841111919535633,0.017499893325222407,0.0,0.0,0.0,0.0
2011-08-01,2.278695652173913,2.072608695652174,2.9655,2.5965,3.127619047619048,2.6133333333333333,3.444210526315789,2.803684210526316,2.5436363636363635,2.178181818181818,9.0,0.0,-0.5,0.0,0.03686212647617394,0.0031494972889112407,0.027608302709259964,0.006728443816048307,0.1,0.03,-0.09,3.0600000000000005,2.76,2.6100000000000003,2.5700000000000003,2.96,-0.05846750227195686,-0.09860204404055317,0.14978879716285962,-0.21330466973424744,0.09261839095906474,0.019793813989093034,0.0,0.0,0.0,0.0
2011-09-01,1.9614285714285715,1.7638095238095235,2.278695652173913,2.072608695652174,2.9650000000000003,2.591818181818182,3.313913043478261,2.7169565217391307,2.4957142857142856,2.167619047619048,9.0,-0.09999999999999964,-0.5,-0.033333333333333215,0.037417373621399234,0.0021691934558830165,0.02383745484891959,-0.0008274225944708267,0.08,-0.020000000000000004,-0.11,3.2899999999999996,3.0600000000000005,2.75,2.62,3.0100000000000002,-0.0744671007197857,-0.15464295884840645,-0.008606777744960204,-0.26975949064807536,0.09122806598339923,0.002148566266080616,0.0,0.0,0.0,0.0
2011-10-01,2.133,1.8715,1.9614285714285715,1.7638095238095235,2.9655,2.5965,3.3965000000000005,2.7205000000000004,2.4055,2.164,8.8,-0.1999999999999993,-0.5999999999999996,-0.06666666666666643,0.03461655459657946,0.0006749796769753305,0.033591582681248906,0.006916436587234633,0.07,-0.009999999999999995,-0.12,3.22,3.2899999999999996,2.76,2.5599999999999996,3.1799999999999997,0.10230659176938868,-0.030628011222354003,0.057506762273937403,-0.19109576419058122,0.08898242712617106,0.003438566507637158,0.0,0.0,0.0,0.0
2011-11-01,1.9995,1.7600000000000002,2.133,1.8715,2.278695652173913,2.072608695652174,3.127619047619048,2.6133333333333333,2.62,2.309,8.6,-0.40000000000000036,-1.200000000000001,-0.13333333333333464,0.0339320626178412,0.001846144880495314,0.032635806886714344,-8.659124192387312e-05,0.08,0.009999999999999995,-0.11,3.13,3.22,3.0600000000000005,2.6100000000000003,3.16,-0.005071553722512535,0.022767937327090353,0.05472808493114921,-0.19518778026839587,0.09205703257446109,0.005421195427762735,0.0,0.0,0.0,0.0
2011-12-01,1.9666666666666663,1.720952380952381,1.9995,1.7600000000000002,1.9614285714285715,1.7638095238095235,2.9650000000000003,2.591818181818182,3.15,2.6727272727272724,8.5,-0.5,-0.8000000000000007,-0.16666666666666607,0.03016121142095968,0.00023768024196813014,0.028190239653497807,0.00529226190156129,0.07,-0.009999999999999995,-0.10999999999999999,3.27,3.13,3.2899999999999996,2.75,2.8099999999999996,0.008496565407114517,0.10573160345399048,-3.1837170734254595e-05,-0.18832050780140525,0.09308009670125357,0.004906740554084535,0.0,0.0,0.0,0.0
2012-01-01,1.932,1.7260000000000002,1.9666666666666663,1.720952380952381,2.133,1.8715,2.9655,2.5965,3.242,2.7795,8.3,-0.5,-0.7999999999999989,-0.16666666666666607,0.029643908697416396,0.002720492157261997,0.03624515241016472,0.005946556615738015,0.08,0.009999999999999995,-0.09000000000000001,3.2600000000000007,3.27,3.22,2.76,2.6999999999999997,0.042660044467807356,0.04608505615240939,0.02023523748466101,-0.1529450295965632,0.0977420102616783,0.007581755835837833,0.0,0.0,0.0,0.0
2012-02-01,1.8755,1.6895,1.932,1.7260000000000002,1.9995,1.7600000000000002,2.278695652173913,2.072608695652174,3.444210526315789,2.803684210526316,8.3,-0.29999999999999893,-0.6999999999999993,-0.09999999999999964,0.02856975448285908,0.0021351650368678947,0.043434404323397124,0.0032105037842914868,0.1,0.020000000000000004,-0.06,3.17,3.2600000000000007,3.13,3.0600000000000005,2.5700000000000003,0.03978734467204456,0.09094395454696645,0.02856600539388097,-0.11856352256576924,0.09583734272669678,0.005335417462718192,0.0,0.0,0.0,0.0
2012-03-01,2.088636363636364,1.828181818181818,1.8755,1.6895,1.9666666666666663,1.720952380952381,1.9614285714285715,1.7638095238095235,3.313913043478261,2.7169565217391307,8.2,-0.3000000000000007,-0.8000000000000007,-0.10000000000000142,0.02550082522860022,0.0020912821313985855,0.02789423842790813,-0.005191174823684343,0.13,0.03,-0.010000000000000009,3.0600000000000005,3.17,3.27,3.2899999999999996,2.62,0.03085147563299614,0.11329886477284812,0.06046534278146085,-0.09094607761531377,0.09381442973651144,0.004485429897486277,0.0,0.0,0.0,0.0
2012-04-01,1.9690476190476192,1.7609523809523808,2.088636363636364,1.828181818181818,1.932,1.7260000000000002,2.133,1.8715,3.3965000000000005,2.7205000000000004,8.2,-0.10000000000000142,-0.9000000000000004,-0.03333333333333144,0.022477119945619267,0.0016594107660743906,0.03829749631553538,0.007167758505782871,0.14,0.010000000000000009,0.04000000000000001,3.1400000000000006,3.0600000000000005,3.2600000000000007,3.22,2.5599999999999996,-0.007525699544988767,0.06311312076005197,0.024842704466226884,-0.09776166610242362,0.09219524055436742,0.005444916698834793,0.0,0.0,0.0,0.0
2012-05-01,1.7136363636363638,1.518181818181818,1.9690476190476192,1.7609523809523808,1.8755,1.6895,1.9995,1.7600000000000002,3.127619047619048,2.6133333333333333,8.2,-0.10000000000000142,-0.8000000000000007,-0.03333333333333499,0.01723013438421688,-0.0020703217702825244,0.039398691716652896,0.0023065483365497593,0.16,0.01999999999999999,0.07,3.2700000000000005,3.1400000000000006,3.17,3.13,2.6100000000000003,-0.06469930815862472,-0.04137353207061749,-0.026263684237113897,-0.15428755248858758,0.08858205554749185,0.004401012184347094,0.0,0.0,0.0,0.0
2012-06-01,1.5309523809523808,1.3304761904761906,1.7136363636363638,1.518181818181818,2.088636363636364,1.828181818181818,1.9666666666666663,1.720952380952381,2.9650000000000003,2.591818181818182,8.2,0.0,-0.9000000000000004,0.0,0.016403429586642766,-0.0008267047975740082,0.036433668592995176,5.529183852927734e-05,0.16,0.0,0.07,3.3999999999999995,3.2700000000000005,3.0600000000000005,3.27,2.75,0.03879271987369995,-0.033432287829913476,0.030955221548518645,-0.12083541165699076,0.08748682690667192,0.007029518757567305,0.0,0.0,0.0,0.0
2012-07-01,1.4295238095238094,1.2785714285714287,1.5309523809523808,1.3304761904761906,1.9690476190476192,1.7609523809523808,1.932,1.7260000000000002,2.9655,2.5965,8.2,0.0,-0.8000000000000007,0.0,0.014075587298480354,0.0002887682305009985,0.0336153969257997,0.002096784200142982,0.16,0.0,0.09,3.34,3.3999999999999995,3.1400000000000006,3.2600000000000007,2.76,0.01251888494028272,-0.013387703344641995,0.06518246234546526,-0.10976007051711792,0.07525164884328822,0.005264715261838641,0.0,0.0,0.0,0.0
2012-08-01,1.5756521739130436,1.4095652173913045,1.4295238095238094,1.2785714285714287,1.7136363636363638,1.518181818181818,1.8755,1.6895,2.278695652173913,2.072608695652174,8.1,-0.09999999999999964,-0.9000000000000004,-0.033333333333333215,0.0167188077526924,0.005792717743123192,0.022598682640048127,-0.004288270469703259,0.13,-0.03,0.03,3.2300000000000004,3.34,3.2700000000000005,3.17,3.0600000000000005,0.01957060970187109,0.07088221451585376,0.14322057431929314,-0.09216592984167606,0.062490470008141265,0.007032635153946239,0.0,0.0,0.0,0.0
2012-09-01,1.6178947368421053,1.4678947368421054,1.5756521739130436,1.4095652173913045,1.5309523809523808,1.3304761904761906,2.088636363636364,1.828181818181818,1.9614285714285715,1.7638095238095235,7.8,-0.39999999999999947,-1.2000000000000002,-0.13333333333333286,0.01930953416026779,0.004759919863458326,0.022692145179294968,-0.0007339600552239395,0.14,0.010000000000000009,0.06000000000000001,3.12,3.2300000000000004,3.3999999999999995,3.0600000000000005,3.2899999999999996,0.023947118796254597,0.056036613438408385,0.24163479383533354,-0.07016352385786874,0.06824506538314347,0.00790316164108269,0.0,0.0,0.0,0.0
2012-10-01,1.6414285714285717,1.469047619047619,1.6178947368421053,1.4678947368421054,1.4295238095238094,1.2785714285714287,1.9690476190476192,1.7609523809523808,2.133,1.8715,7.8,-0.39999999999999947,-1.0000000000000009,-0.13333333333333375,0.021327719237692166,0.002693164754399688,0.01924367188124656,0.0034679632891861344,0.16,0.01999999999999999,0.09,2.83,3.12,3.34,3.1400000000000006,3.22,-0.019987842358050206,0.02352988614007545,0.11934035970789457,-0.08856443885340036,0.07126898207303262,0.00646248319752624,0.0,0.0,0.0,0.0
2012-11-01,1.5605,1.386,1.6414285714285717,1.469047619047619,1.5756521739130436,1.4095652173913045,1.7136363636363638,1.518181818181818,1.9995,1.7600000000000002,7.7,-0.39999999999999947,-0.8999999999999995,-0.13333333333333286,0.01780081818311911,-0.0016807561740777954,0.022991201751311332,0.0036609386281409545,0.16,0.0,0.08,2.86,2.83,3.2300000000000004,3.2700000000000005,3.13,0.0028426724604567314,0.00680194889866106,0.12725458589086402,-0.08596984003414294,0.0725776455424663,0.006729858897196361,0.0,0.0,0.0,0.0
2012-12-01,1.6489999999999998,1.462,1.5605,1.386,1.6178947368421053,1.4678947368421054,1.5309523809523808,1.3304761904761906,1.9666666666666663,1.720952380952381,7.9,0.10000000000000053,-0.5999999999999996,0.033333333333333215,0.01744204900550439,-0.0001210889356464298,0.020065686750343693,0.0023667469005938264,0.16,0.0,0.09,2.91,2.86,3.12,3.3999999999999995,3.27,0.0070433681007134085,-0.010101801796879965,0.12580138858446302,-0.07950926376249447,0.07939511104875992,0.01172420606037819,0.0,0.0,0.0,0.0
2013-01-01,1.8404761904761904,1.6495238095238096,1.6489999999999998,1.462,1.6414285714285717,1.469047619047619,1.4295238095238094,1.2785714285714287,1.932,1.7260000000000002,8.0,0.20000000000000018,-0.3000000000000007,0.10000000000000053,0.016700386614722406,0.001978829766479834,0.014364242757962956,0.000245112623357518,0.14,-0.01999999999999999,0.06000000000000001,2.8200000000000003,2.91,2.83,3.34,3.2600000000000007,0.04919779199874611,0.05908383255991636,0.13233913611540185,-0.03309066811865034,0.07409991978993209,0.0022865645770098683,0.0,0.0,0.0,0.0
2013-02-01,1.8852631578947368,1.7168421052631575,1.8404761904761904,1.6495238095238096,1.5605,1.386,1.5756521739130436,1.4095652173913045,1.8755,1.6895,7.7,0.0,-0.6000000000000005,0.10000000000000053,0.01998045942680982,0.0054152378489554015,0.015819744153003388,0.004666005179331894,0.15,0.009999999999999981,0.04999999999999999,2.8699999999999997,2.8200000000000003,2.86,3.2300000000000004,3.17,0.010999927126354463,0.06724108722581393,0.1035517185697115,-0.02239602361106986,0.07060899504433614,0.001844492717122164,0.0,0.0,0.0,0.0
2013-03-01,1.8705,1.7015,1.8852631578947368,1.7168421052631575,1.6489999999999998,1.462,1.6178947368421053,1.4678947368421054,2.088636363636364,1.828181818181818,7.5,-0.40000000000000036,-0.6999999999999993,-0.033333333333333215,0.015073297321459093,-0.0028158799739520977,0.025031406628013793,0.00402048765132615,0.14,-0.009999999999999981,0.010000000000000009,2.8899999999999997,2.8699999999999997,2.91,3.12,3.0600000000000005,0.035355294329704884,0.09555301345480538,0.10805553726642042,0.0,0.07145721427955064,0.005333649132700791,0.0,0.0,0.0,0.0
2013-04-01,1.699090909090909,1.526818181818182,1.8705,1.7015,1.8404761904761904,1.6495238095238096,1.6414285714285717,1.469047619047619,1.9690476190476192,1.7609523809523808,7.6,-0.40000000000000036,-0.5999999999999996,-0.13333333333333464,0.011323724421043693,-0.002090162134341092,0.017000303597187218,-0.0008633445250438549,0.15,0.009999999999999981,0.009999999999999981,2.83,2.8899999999999997,2.8200000000000003,2.83,3.1400000000000006,0.017924165836652507,0.06427938729271171,0.13350540264806154,0.0,0.06860723843321803,0.002594940852502353,0.0,0.0,0.0,0.0
2013-05-01,1.8840909090909093,1.6777272727272723,1.699090909090909,1.526818181818182,1.8852631578947368,1.7168421052631575,1.5605,1.386,1.7136363636363638,1.518181818181818,7.5,-0.20000000000000018,-0.6999999999999993,-0.06666666666666643,0.013808115942114958,0.00041406975078884644,0.015474428494752314,0.0007806732341147294,0.11,-0.039999999999999994,-0.05,2.8000000000000007,2.83,2.8699999999999997,2.86,3.2700000000000005,0.020550202383511563,0.07382966254986889,0.21875491319019774,0.0,0.0674803831154958,0.0032741568666248555,0.0,0.0,0.0,0.0
2013-06-01,2.2495000000000003,1.9665,1.8840909090909093,1.6777272727272723,1.8705,1.7015,1.6489999999999998,1.462,1.5309523809523808,1.3304761904761906,7.5,0.0,-0.6999999999999993,0.0,0.017012400261643426,0.002377579521954492,0.017491920487344863,0.0020727838311219047,0.09,-0.020000000000000004,-0.07,2.8900000000000006,2.8000000000000007,2.8899999999999997,2.91,3.3999999999999995,-0.015112928770280075,0.023361439449883753,0.16484926454621765,-0.014999301595580874,0.065809341586006,0.00535847722807753,0.0,0.0,0.0,0.0
2013-07-01,2.546818181818182,2.2413636363636367,2.2495000000000003,1.9665,1.699090909090909,1.526818181818182,1.8404761904761904,1.6495238095238096,1.4295238095238094,1.2785714285714287,7.3,-0.2999999999999998,-0.8999999999999995,-0.09999999999999964,0.01867917101833844,0.0019555389871961032,0.012288384241452467,-0.0031067520457494944,0.09,0.0,-0.07,2.74,2.8900000000000006,2.83,2.8200000000000003,3.34,0.04827772805178804,0.0537150016650193,0.2006081076577229,0.0,0.06422828392771399,0.003683657603546764,0.0,0.0,0.0,0.0
2013-08-01,2.6936363636363634,2.380909090909091,2.546818181818182,2.2413636363636367,1.8840909090909093,1.6777272727272723,1.8852631578947368,1.7168421052631575,1.5756521739130436,1.4095652173913045,7.2,-0.2999999999999998,-0.8999999999999995,-0.09999999999999964,0.015270898906586446,0.0023844456313711227,0.02234211695028641,0.005765462239130704,0.08,-0.009999999999999995,-0.05,2.6799999999999997,2.74,2.8000000000000007,2.8699999999999997,3.2300000000000004,-0.03179826803794541,0.0013665312435625233,0.14923922991790645,-0.03129801947934393,0.06261712510527284,0.005421476331504954,0.0,0.0,0.0,0.0
2013-09-01,2.7935,2.4055,2.6936363636363634,2.380909090909091,2.2495000000000003,1.9665,1.8705,1.7015,1.6178947368421053,1.4678947368421054,7.2,-0.2999999999999998,-0.5999999999999996,-0.09999999999999964,0.01088785270925908,0.0003768736661310845,0.028147771576592928,0.0050716945710823965,0.08,0.0,-0.06000000000000001,2.6599999999999997,2.6799999999999997,2.8900000000000006,2.8899999999999997,3.12,0.02931559136642498,0.04579505138026749,0.15460770248807673,-0.00247959737861617,0.06032718400794062,0.005613220543750725,0.0,0.0,0.0,0.0
2013-10-01,2.5686363636363634,2.2804545454545457,2.7935,2.4055,2.546818181818182,2.2413636363636367,1.699090909090909,1.526818181818182,1.6414285714285717,1.469047619047619,7.2,-0.09999999999999964,-0.5999999999999996,-0.033333333333333215,0.008729775818350008,0.0005350878634905929,0.023890766931666776,-0.0007890413557397505,0.09,0.009999999999999995,-0.07,2.6899999999999995,2.6599999999999997,2.74,2.83,2.83,0.04362997111283392,0.04114729444131346,0.21822551595896084,0.0,0.0652432832275971,0.011378582417182707,0.0,0.0,0.0,0.0
2013-11-01,2.650526315789474,2.4147368421052637,2.5686363636363634,2.2804545454545457,2.6936363636363634,2.380909090909091,1.8840909090909093,1.6777272727272723,1.5605,1.386,6.9,-0.2999999999999998,-0.7999999999999998,-0.09999999999999964,0.012253322438004777,0.001842790445577049,0.022563188311254055,0.002333360007728033,0.08,-0.009999999999999995,-0.08,2.6599999999999997,2.6899999999999995,2.6799999999999997,2.8000000000000007,2.86,0.02766328977323541,0.10060885225249402,0.2430461332717394,0.0,0.059359575077595345,0.0008461507471945127,0.0,0.0,0.0,0.0
2013-12-01,2.835238095238095,2.5619047619047617,2.650526315789474,2.4147368421052637,2.7935,2.4055,2.2495000000000003,1.9665,1.6489999999999998,1.462,6.7,-0.5,-1.2000000000000002,-0.16666666666666696,0.015015090867017382,0.0026406794933663373,0.022205073124772594,0.0020086317141123065,0.09,0.009999999999999995,-0.07,2.48,2.6599999999999997,2.6599999999999997,2.8900000000000006,2.91,0.0232894744820535,0.09458273536812267,0.2592922396530794,0.0,0.05348421388482029,0.005848844867603112,0.0,0.0,0.0,0.0
2014-01-01,2.814761904761905,2.4642857142857144,2.835238095238095,2.5619047619047617,2.5686363636363634,2.2804545454545457,2.546818181818182,2.2413636363636367,1.8404761904761904,1.6495238095238096,6.6,-0.6000000000000005,-1.4000000000000004,-0.20000000000000018,0.015457502818112003,0.0024212417175743435,0.018396027756541075,-0.0035639327448741542,0.07,-0.01999999999999999,-0.07,2.3300000000000005,2.48,2.6899999999999995,2.74,2.8200000000000003,-0.0362314077760193,0.01472135647926967,0.17386303987831403,-0.03558290595581162,0.057569652175270845,0.006372002867460477,0.0,0.0,0.0,0.0
2014-02-01,2.656842105263158,2.382631578947368,2.814761904761905,2.4642857142857144,2.650526315789474,2.4147368421052637,2.6936363636363634,2.380909090909091,1.8852631578947368,1.7168421052631575,6.7,-0.20000000000000018,-1.0,-0.06666666666666643,0.011142438176858054,0.0011001732077014898,0.0212585286148248,0.007528506037615464,0.07,0.0,-0.07999999999999999,2.3899999999999997,2.3300000000000005,2.6599999999999997,2.6799999999999997,2.8699999999999997,0.042213375072275613,0.029271441778309742,0.20507648782423524,0.0,0.061637142137286056,0.005911982679137371,0.0,0.0,0.0,0.0
2014-03-01,2.670952380952381,2.3242857142857143,2.656842105263158,2.382631578947368,2.835238095238095,2.5619047619047617,2.7935,2.4055,1.8705,1.7015,6.7,0.0,-0.7999999999999998,0.0,0.015998291291058796,0.002039973140248703,0.0268766460383105,0.009638605074811821,0.08,0.009999999999999995,-0.06000000000000001,2.3399999999999994,2.3899999999999997,2.48,2.6599999999999997,2.8899999999999997,0.006908248426944213,0.01289021572320049,0.1766294419214745,0.0,0.05949573447349417,0.0031922414689088395,0.0,0.0,0.0,0.0
2014-04-01,2.674285714285714,2.288095238095238,2.670952380952381,2.3242857142857143,2.814761904761905,2.4642857142857144,2.5686363636363634,2.2804545454545457,1.699090909090909,1.526818181818182,6.2,-0.39999999999999947,-1.3999999999999995,-0.13333333333333464,0.019950903592962827,0.0018624501675628673,0.0287071930597032,0.0009672024963488438,0.09,0.009999999999999995,-0.06,2.1900000000000004,2.3399999999999994,2.3300000000000005,2.6899999999999995,2.83,0.0061816433655846855,0.05530326686480446,0.16488691945040676,0.0,0.06090785353096838,0.004007059909976584,0.0,0.0,0.0,0.0
2014-05-01,2.526666666666667,2.17,2.674285714285714,2.288095238095238,2.656842105263158,2.382631578947368,2.650526315789474,2.4147368421052637,1.8840909090909093,1.6777272727272723,6.3,-0.40000000000000036,-1.2000000000000002,-0.13333333333333286,0.02143803132391486,0.0019011974817408407,0.031750840797103885,0.0038243209715155342,0.09,0.0,-0.020000000000000004,2.1999999999999997,2.1900000000000004,2.3899999999999997,2.6599999999999997,2.8000000000000007,0.020812196013358243,0.03390208780588701,0.16514891308025348,0.0,0.06338955349593818,0.005755856831594327,0.0,0.0,0.0,0.0
2014-06-01,2.5628571428571427,2.146190476190476,2.526666666666667,2.17,2.670952380952381,2.3242857142857143,2.835238095238095,2.5619047619047617,2.2495000000000003,1.9665,6.1,-0.6000000000000005,-1.4000000000000004,-0.1999999999999993,0.020380712080756817,0.001320260278796452,0.03310437075493443,0.003426313788952507,0.1,0.010000000000000009,0.010000000000000009,2.1999999999999997,2.1999999999999997,2.3399999999999994,2.48,2.8900000000000006,0.018878996713560546,0.04587283609250346,0.19914083856409415,0.0,0.06289456970949965,0.004863493441639069,0.0,0.0,0.0,0.0
2014-07-01,2.515909090909091,2.0359090909090907,2.5628571428571427,2.146190476190476,2.674285714285714,2.288095238095238,2.814761904761905,2.4642857142857144,2.546818181818182,2.2413636363636367,6.2,0.0,-1.0999999999999996,-8.881784197001252e-16,0.019550025496311584,0.0011248524027508036,0.038429908318682766,0.002218785517998932,0.09,-0.010000000000000009,0.0,2.1900000000000004,2.1999999999999997,2.1900000000000004,2.3300000000000005,2.74,-0.01519468763799153,0.02449650508892728,0.13566842287431477,-0.015079830845342356,0.06401594167818142,0.00480502957222827,0.0,0.0,0.0,0.0
2014-08-01,2.387142857142857,1.947619047619048,2.515909090909091,2.0359090909090907,2.526666666666667,2.17,2.656842105263158,2.382631578947368,2.6936363636363634,2.380909090909091,6.1,-0.20000000000000018,-1.1000000000000005,-0.06666666666666643,0.01700556571597969,-0.00016001414896081465,0.030774608253077988,-0.0018898378264741095,0.09,0.0,0.009999999999999995,2.2700000000000005,2.1900000000000004,2.1999999999999997,2.3899999999999997,2.6799999999999997,0.03696364440798924,0.04064795348355832,0.2044303353202494,0.0,0.060713932522996304,0.0021194671763199715,0.0,0.0,0.0,0.0
2014-09-01,2.5142857142857142,1.967619047619048,2.387142857142857,1.947619047619048,2.5628571428571427,2.146190476190476,2.670952380952381,2.3242857142857143,2.7935,2.4055,5.9,-0.1999999999999993,-1.2999999999999998,-0.06666666666666643,0.016700280492135674,7.15884422871254e-05,0.028572233432144954,0.0028693197501494607,0.09,0.0,0.009999999999999995,2.27,2.2700000000000005,2.1999999999999997,2.3399999999999994,2.6599999999999997,-0.01563543610528987,0.00613352066470788,0.15947930784853448,-0.015513837249454,0.05873606760317487,0.0036353556239292996,0.0,0.0,0.0,0.0
2014-10-01,2.287272727272727,1.858636363636364,2.5142857142857142,1.967619047619048,2.515909090909091,2.0359090909090907,2.674285714285714,2.288095238095238,2.5686363636363634,2.2804545454545457,5.7,-0.5,-1.5,-0.16666666666666696,0.015967259137863034,-0.00019793349078221992,0.029480610871910982,0.0001193360840263373,0.09,0.0,0.0,2.3900000000000006,2.27,2.1900000000000004,2.1900000000000004,2.6899999999999995,0.022936398829564386,0.044264607132263746,0.13878573556526513,0.0,0.05376105151616203,0.006403566330169852,0.0,0.0,0.0,0.0
2014-11-01,2.303888888888889,1.7983333333333331,2.287272727272727,1.858636363636364,2.387142857142857,1.947619047619048,2.526666666666667,2.17,2.650526315789474,2.4147368421052637,5.8,-0.2999999999999998,-1.1000000000000005,-0.09999999999999964,0.012240034107743695,-0.0018844345845422728,0.03330040221437207,0.006153151350189172,0.09,0.0,0.009999999999999995,2.46,2.3900000000000006,2.2700000000000005,2.1999999999999997,2.6599999999999997,0.024237473563306713,0.031538436287581156,0.13535991935533645,0.0,0.056453843555695896,0.0035389427867284157,0.0,0.0,0.0,0.0
2014-12-01,2.178181818181818,1.5718181818181818,2.303888888888889,1.7983333333333331,2.5142857142857142,1.967619047619048,2.5628571428571427,2.146190476190476,2.835238095238095,2.5619047619047617,5.6,-0.3000000000000007,-1.1000000000000005,-0.10000000000000053,0.006509977956253447,-0.0030893766581240687,0.031212702728531664,-7.906777172807642e-05,0.12,0.03,0.03,2.5300000000000002,2.46,2.27,2.1999999999999997,2.48,-0.004197384221126008,0.04297648817174513,0.1078730606521569,-0.004188587515997094,0.057747947377326456,0.007142948689233793,0.0,0.0,0.0,0.0
2015-01-01,1.854,1.33,2.178181818181818,1.5718181818181818,2.287272727272727,1.858636363636364,2.515909090909091,2.0359090909090907,2.814761904761905,2.4642857142857144,5.7,0.0,-0.8999999999999995,8.881784197001252e-16,-0.002301957253808225,-0.006390693492487211,0.02689740698592923,-0.007879228487476459,0.11,-0.009999999999999995,0.039999999999999994,2.5700000000000003,2.5300000000000002,2.3900000000000006,2.1900000000000004,2.3300000000000005,-0.031532779266425476,-0.011492689924244829,0.11257168916175066,-0.03509937622258649,0.058824071855608284,0.007448127345742209,0.0,0.0,0.0,0.0
2015-02-01,1.9573684210526316,1.356315789473684,1.854,1.33,2.303888888888889,1.7983333333333331,2.387142857142857,1.947619047619048,2.656842105263158,2.382631578947368,5.5,-0.2999999999999998,-1.2000000000000002,-0.10000000000000053,-0.0008706935730118465,0.002531436888497798,0.012962997721998572,-0.006405903226315237,0.11,0.0,0.039999999999999994,2.53,2.5700000000000003,2.46,2.2700000000000005,2.3899999999999997,0.053438876325627216,0.0177087128380757,0.12379719041510226,0.0,0.06282451019030331,0.00991242101383239,0.0,0.0,0.0,0.0
2015-03-01,2.015,1.4022727272727271,1.9573684210526316,1.356315789473684,2.178181818181818,1.5718181818181818,2.5142857142857142,1.967619047619048,2.670952380952381,2.3242857142857143,5.4,-0.1999999999999993,-1.2999999999999998,-0.06666666666666465,-0.00022033711667848865,0.002690329596581885,-2.7479861189067028e-05,-0.0033518725083757626,0.11,0.0,0.03,2.5,2.53,2.5300000000000002,2.27,2.3399999999999994,-0.017549197433963104,0.004356899625238629,0.09933974455419502,-0.01739610711421953,0.05943934240606613,-0.00019292631532829898,0.0,0.0,0.0,0.0
2015-04-01,1.9118181818181816,1.395,2.015,1.4022727272727271,1.854,1.33,2.287272727272727,1.858636363636364,2.674285714285714,2.288095238095238,5.4,-0.2999999999999998,-0.7999999999999998,-0.10000000000000053,-0.0010408513918598254,0.0010419358923816893,-0.006465428469033607,-0.005470746111495663,0.12,0.009999999999999995,0.03,2.5400000000000005,2.5,2.5700000000000003,2.3900000000000006,2.1900000000000004,0.008484722544635536,0.04437440143629972,0.101642823733246,-0.009023516386018057,0.05828881697656481,0.0028565344804752446,0.0,0.0,0.0,0.0
2015-05-01,2.181,1.5885,1.9118181818181816,1.395,1.9573684210526316,1.356315789473684,2.303888888888889,1.7983333333333331,2.526666666666667,2.17,5.6,0.09999999999999964,-0.7000000000000002,0.03333333333333233,0.0003502708304525636,0.003292319704053215,-0.014712579285392454,-0.004422829844843407,0.12,0.0,0.03,2.6899999999999995,2.5400000000000005,2.53,2.46,2.1999999999999997,0.010436729675336851,0.0013722547860093057,0.09126735739522464,0.0,0.054872416118973984,0.002339455974003452,0.0,0.0,0.0,0.0
2015-06-01,2.348636363636364,1.675,2.181,1.5885,2.015,1.4022727272727271,2.178181818181818,1.5718181818181818,2.5628571428571427,2.146190476190476,5.3,-0.10000000000000053,-0.7999999999999998,-8.881784197001252e-16,0.0017941077233714138,0.0027640971717153456,-0.021288911587965198,-0.003150018513620207,0.13,0.010000000000000009,0.03,2.77,2.6899999999999995,2.5,2.5300000000000002,2.1999999999999997,-0.021235558871758677,-0.0023141066517863317,0.0511528018099052,-0.021011671979729998,0.053391441794396775,0.003382519117061889,0.0,0.0,0.0,0.0
2015-07-01,2.2922727272727275,1.656818181818182,2.348636363636364,1.675,1.9118181818181816,1.395,1.854,1.33,2.515909090909091,2.0359090909090907,5.2,-0.20000000000000018,-1.0,-0.06666666666666554,0.002254318224614967,0.0015850629039942802,-0.017047614915356415,0.006460082190607669,0.13,0.0,0.04000000000000001,2.8800000000000003,2.77,2.5400000000000005,2.5700000000000003,2.1900000000000004,0.019549682990019603,0.008750853793597791,0.08589717243791643,-0.0016844555912514428,0.05222274967588446,0.003636337453716149,0.0,0.0,0.0,0.0
2015-08-01,2.095238095238096,1.4695238095238097,2.2922727272727275,1.656818181818182,2.181,1.5885,1.9573684210526316,1.356315789473684,2.387142857142857,1.947619047619048,5.1,-0.5,-1.0,-0.16666666666666785,0.002410131284233236,-4.201089342470604e-06,-0.016997987833169238,-0.0018402107442869046,0.14,0.010000000000000009,0.05000000000000002,3.0200000000000005,2.8800000000000003,2.6899999999999995,2.53,2.2700000000000005,-0.06462473099312406,-0.06631060687486315,-0.015691202963197003,-0.06415985923790096,0.053825525103193904,0.0037222426036292557,0.0,0.0,0.0,0.0
2015-09-01,2.148571428571429,1.4595238095238094,2.095238095238096,1.4695238095238097,2.348636363636364,1.675,2.015,1.4022727272727271,2.5142857142857142,1.967619047619048,5.0,-0.2999999999999998,-0.9000000000000004,-0.09999999999999964,8.842570667366297e-05,-0.002250117135272414,-0.022662274896873894,-0.0027949673135551924,0.14,0.0,0.05000000000000002,3.17,3.0200000000000005,2.77,2.5,2.27,-0.026798730963462747,-0.07187377896656726,-0.02685449782136978,-0.08890612218512584,0.05528778859512612,0.005097619115861566,0.0,0.0,0.0,0.0
2015-10-01,2.053333333333333,1.4252380952380952,2.148571428571429,1.4595238095238094,2.2922727272727275,1.656818181818182,1.9118181818181816,1.395,2.287272727272727,1.858636363636364,5.0,-0.20000000000000018,-0.7000000000000002,-0.06666666666666732,0.0012753519995019923,0.000988992802046146,-0.027628846300428563,-0.004847235319528369,0.12,-0.020000000000000018,0.03,3.27,3.17,2.8800000000000003,2.5400000000000005,2.3900000000000006,0.07971937954339872,-0.011704082413188089,0.02992848289246456,-0.013300711584015003,0.053089301599316005,0.004205079334359612,0.0,0.0,0.0,0.0
2015-11-01,2.136842105263158,1.378421052631579,2.053333333333333,1.4252380952380952,2.095238095238096,1.4695238095238097,2.181,1.5885,2.303888888888889,1.7983333333333331,5.1,0.0,-0.7000000000000002,8.881784197001252e-16,0.004353691087395557,0.0011939045033511387,-0.04116651538230336,-0.007384517731685705,0.12,0.0,0.03,3.2,3.27,3.0200000000000005,2.6899999999999995,2.46,0.0005047417068051869,0.05342539028674119,0.006195751035963056,-0.012802557592104328,0.05703138562662057,0.007481026814032983,0.0,0.0,0.0,0.0
2015-12-01,2.0140909090909087,1.26,2.136842105263158,1.378421052631579,2.148571428571429,1.4595238095238094,2.348636363636364,1.675,2.178181818181818,1.5718181818181818,5.0,0.0,-0.5999999999999996,0.0,0.006366935496002728,-0.0010761322495167532,-0.04600357085126071,-0.00491612324068539,0.24,0.12,0.12,3.2199999999999998,3.2,3.17,2.77,2.5300000000000002,-0.01768565839025723,0.06253846285994674,-0.00729252313316823,-0.030108311421315592,0.05562820472835512,0.005739767790968374,0.0,0.0,0.0,0.0
2016-01-01,1.827894736842105,1.1857894736842105,2.0140909090909087,1.26,2.053333333333333,1.4252380952380952,2.2922727272727275,1.656818181818182,1.854,1.33,4.8,-0.20000000000000018,-0.9000000000000004,-0.06666666666666643,0.012299080308037832,-0.00045854868045230916,-0.032897807523870164,0.0052265348399141804,0.34,0.10000000000000003,0.23000000000000004,3.3600000000000003,3.2199999999999998,3.27,2.8800000000000003,2.5700000000000003,-0.052067617305496784,-0.06924853398894884,-0.027827361172239502,-0.07931607859201756,0.05866743781995209,0.010487360437339324,0.0,0.0,0.0,0.0
2016-02-01,1.465,1.046,1.827894736842105,1.1857894736842105,2.136842105263158,1.378421052631579,2.095238095238096,1.4695238095238097,1.9573684210526316,1.356315789473684,4.9,-0.1999999999999993,-0.5999999999999996,-0.06666666666666643,0.008437083293304002,-0.001330560126235848,-0.03169016861685536,-0.005198264319300557,0.38,0.03999999999999998,0.27,3.5599999999999996,3.3600000000000003,3.2,3.0200000000000005,2.53,-0.00413690551499243,-0.07389018121074648,-0.08540314301285926,-0.083116993550296,0.05555375649280914,0.006798739686689323,0.0,0.0,0.0,0.0
2016-03-01,1.591818181818182,1.014090909090909,1.465,1.046,2.0140909090909087,1.26,2.148571428571429,1.4595238095238094,2.015,1.4022727272727271,5.0,0.0,-0.40000000000000036,0.0,0.008876646705649733,0.0031298930089275656,-0.03578585759149599,-0.007447561483016334,0.36,-0.020000000000000018,0.25,3.24,3.5599999999999996,3.2199999999999998,3.17,2.5,0.06390499028682897,0.007700467466339523,-0.00394895529206722,-0.022610862143528823,0.06032997963797839,0.004583296829840944,0.0,0.0,0.0,0.0
2016-04-01,1.577142857142857,1.0371428571428571,1.591818181818182,1.014090909090909,1.827894736842105,1.1857894736842105,2.053333333333333,1.4252380952380952,1.9118181818181816,1.395,5.1,0.2999999999999998,-0.3000000000000007,0.10000000000000053,0.011658037736477613,0.0038233269232094058,-0.026938645921293906,0.0033764655587063533,0.37,0.010000000000000009,0.25,2.98,3.24,3.3600000000000003,3.27,2.5400000000000005,0.0026957614511553935,0.0624638462229918,-0.009737916385547416,-0.01997249958265122,0.0638816544516094,0.006408209294106424,0.0,0.0,0.0,0.0
2016-05-01,1.5295238095238095,0.99,1.577142857142857,1.0371428571428571,1.465,1.046,2.136842105263158,1.378421052631579,2.181,1.5885,4.8,-0.10000000000000053,-0.7999999999999998,0.06666666666666643,0.010727023823578725,0.002361305791154474,-0.024786185796307314,-0.0022703697198567714,0.37,0.0,0.25,2.8699999999999997,2.98,3.5599999999999996,3.2,2.6899999999999995,0.015208366810523843,0.08180911854850809,-0.004966279250360361,-0.004953967674903315,0.06614581119912598,0.004603612721520127,0.0,0.0,0.0,0.0
2016-06-01,1.3713636363636363,0.9127272727272728,1.5295238095238095,0.99,1.591818181818182,1.014090909090909,2.0140909090909087,1.26,2.348636363636364,1.675,4.9,-0.09999999999999964,-0.39999999999999947,0.033333333333333215,0.010735038085898563,0.002772111434035183,-0.016923578791117073,0.004712588491570034,0.38,0.010000000000000009,0.25,2.8900000000000006,2.8699999999999997,3.24,3.2199999999999998,2.77,0.0009105066031534965,0.018814634864832754,0.017179786224551786,-0.004047559109157009,0.06670022830977507,0.003936936227711031,0.0,0.0,0.0,0.0
2016-07-01,1.2029999999999998,0.8314999999999999,1.3713636363636363,0.9127272727272728,1.577142857142857,1.0371428571428571,1.827894736842105,1.1857894736842105,2.2922727272727275,1.656818181818182,4.8,-0.2999999999999998,-0.40000000000000036,-0.06666666666666643,0.008646147538590877,-0.0005038276433132479,-0.02221225862676143,0.0011714023549630954,0.39,0.010000000000000009,0.26,2.7199999999999998,2.8900000000000006,2.98,3.3600000000000003,2.8800000000000003,0.03499043269105408,0.05110930610473138,0.03262053592558622,0.0,0.06767491267255742,0.004611021816498452,0.0,0.0,0.0,0.0
2016-08-01,1.2569565217391303,0.8191304347826087,1.2029999999999998,0.8314999999999999,1.5295238095238095,0.99,1.465,1.046,2.095238095238096,1.4695238095238097,4.9,0.10000000000000053,-0.1999999999999993,0.033333333333333215,0.010497862708118796,0.0018475140801853071,-0.021880267559707955,-0.0015082196772334031,0.4,0.010000000000000009,0.26,2.68,2.7199999999999998,2.8699999999999997,3.5599999999999996,3.0200000000000005,-0.0012199867803522136,0.03468095251385513,0.09602528013835795,-0.0012192428990192817,0.06996003903250705,0.006007368963578872,0.0,0.0,0.0,0.0
2016-09-01,1.3361904761904762,0.8595238095238096,1.2569565217391303,0.8191304347826087,1.3713636363636363,0.9127272727272728,1.591818181818182,1.014090909090909,2.148571428571429,1.4595238095238094,5.0,0.09999999999999964,0.0,0.06666666666666643,0.015367755028160165,0.002619775184769032,-0.020140991333425572,-0.0010556910872728154,0.4,0.0,0.26,2.6799999999999997,2.68,2.8900000000000006,3.24,3.17,-0.0012352137017536324,0.03253523220894816,0.1215887974000671,-0.0024521889425508023,0.06986922641037914,0.005006806493733531,0.0,0.0,0.0,0.0
2016-10-01,1.433,0.9215,1.3361904761904762,0.8595238095238096,1.2029999999999998,0.8314999999999999,1.577142857142857,1.0371428571428571,2.053333333333333,1.4252380952380952,4.9,0.10000000000000053,-0.09999999999999964,0.10000000000000053,0.01671870990986908,0.002339947683755018,-0.015137812015703566,0.0001559439981934651,0.4,0.0,0.28,2.62,2.6799999999999997,2.7199999999999998,2.98,3.27,-0.019616837043472765,-0.022072037525578618,0.022252580813195668,-0.021830232416563015,0.07085178023511163,0.005187633159092097,0.0,0.0,0.0,0.0
2016-11-01,1.6895,1.1625,1.433,0.9215,1.2569565217391303,0.8191304347826087,1.5295238095238095,0.99,2.136842105263158,1.378421052631579,4.7,-0.20000000000000018,-0.39999999999999947,0.033333333333333215,0.016703058710160663,0.0011782533036426713,-0.011933703009724402,-0.0041804087257064785,0.41,0.009999999999999953,0.29,2.57,2.62,2.68,2.8699999999999997,3.2,0.033603545044434316,0.012751494299207865,0.055351384150824696,0.0,0.06989528143704518,0.006524528015966566,0.0,0.0,0.0,0.0
2016-12-01,1.98,1.2952380952380953,1.6895,1.1625,1.3361904761904762,0.8595238095238096,1.3713636363636363,0.9127272727272728,2.0140909090909087,1.26,4.7,-0.2999999999999998,-0.2999999999999998,-0.06666666666666643,0.020300531865359805,0.0025213409056822006,-0.00020498517968352734,0.006812594589355484,0.54,0.13000000000000006,0.30000000000000004,2.34,2.57,2.6799999999999997,2.8900000000000006,3.2199999999999998,0.01803711129927909,0.03202381930024066,0.09107415384036116,0.0,0.06613709017674387,0.0019815765306670143,0.0,0.0,0.0,0.0
2017-01-01,1.9135,1.226,1.98,1.2952380952380953,1.433,0.9215,1.2029999999999998,0.8314999999999999,1.827894736842105,1.1857894736842105,4.7,-0.20000000000000018,-0.09999999999999964,-0.06666666666666643,0.02479400596947068,0.004034925423658628,-0.00806370588324665,-0.0026321858636490173,0.65,0.10999999999999999,0.31,2.23,2.34,2.62,2.7199999999999998,3.3600000000000003,0.017726314621062854,0.06936697096477612,0.16086808576692058,0.0,0.06173623998326113,0.006086510243856384,0.0,0.0,0.0,0.0
2017-02-01,1.8926315789473684,1.2178947368421054,1.9135,1.226,1.6895,1.1625,1.2569565217391303,0.8191304347826087,1.465,1.046,4.6,-0.10000000000000053,-0.3000000000000007,-0.0333333333333341,0.02771595651900376,0.001591390423297148,-0.006888260858595434,-0.0040228192946493695,0.66,0.010000000000000009,0.28,2.2199999999999998,2.23,2.57,2.68,3.5599999999999996,0.03652300073827695,0.07228642665861879,0.20152799202019003,0.0,0.06086028206637797,0.005922781769806277,0.0,0.0,0.0,0.0
2017-03-01,1.733913043478261,1.168695652173913,1.8926315789473684,1.2178947368421054,1.98,1.2952380952380953,1.3361904761904762,0.8595238095238096,1.591818181818182,1.014090909090909,4.4,-0.2999999999999998,-0.5999999999999996,-0.09999999999999964,0.024118752711201754,-0.0004673107988743692,0.007136541790337253,0.006577241165916399,0.79,0.13,0.43000000000000005,2.1999999999999997,2.2199999999999998,2.34,2.6799999999999997,3.24,-0.00038927289213133893,0.053860042467208366,0.1372337288412297,-0.0003891971352694514,0.06140016088976474,0.005123175653227803,0.0,0.0,0.0,0.0
2017-04-01,1.4889473684210526,1.0563157894736843,1.733913043478261,1.168695652173913,1.9135,1.226,1.433,0.9215,1.577142857142857,1.0371428571428571,4.4,-0.2999999999999998,-0.6999999999999993,-0.09999999999999964,0.021528817669153055,0.0012333918811606984,0.013896012736654417,0.010135936505023563,0.9,0.10999999999999999,0.53,2.2700000000000005,2.1999999999999997,2.23,2.62,2.98,0.0090501324781982,0.04518386032434395,0.14358809986827262,0.0,0.05929800635693039,0.004306054761271986,0.0,0.0,0.0,0.0
2017-05-01,1.4004545454545454,1.0018181818181815,1.4889473684210526,1.0563157894736843,1.8926315789473684,1.2178947368421054,1.6895,1.1625,1.5295238095238095,0.99,4.4,-0.1999999999999993,-0.39999999999999947,-0.06666666666666643,0.01839323424236272,-0.0007742776356357931,0.017349417238220467,0.001183034781709034,0.91,0.010000000000000009,0.54,2.25,2.2700000000000005,2.2199999999999998,2.57,2.8699999999999997,0.011509759110980618,0.02017061869704743,0.13988949216872934,0.0,0.05817900067699925,0.003484607041588888,0.0,0.0,0.0,0.0
2017-06-01,1.1877272727272727,0.8445454545454546,1.4004545454545454,1.0018181818181815,1.733913043478261,1.168695652173913,1.98,1.2952380952380953,1.3713636363636363,0.9127272727272728,4.3,-0.10000000000000053,-0.6000000000000005,-0.033333333333333215,0.01627253925238295,0.0006514164440552147,0.014694809031860176,0.002057980285209821,1.04,0.13,0.66,2.18,2.25,2.1999999999999997,2.34,2.8900000000000006,0.004802226040503879,0.025362117629682848,0.14378121160607985,0.0,0.05509659535648189,0.0008545309071936541,0.0,0.0,0.0,0.0
2017-07-01,1.2315,0.9455,1.1877272727272727,0.8445454545454546,1.4889473684210526,1.0563157894736843,1.9135,1.226,1.2029999999999998,0.8314999999999999,4.3,-0.10000000000000053,-0.5,-0.0333333333333341,0.01710396320170174,0.00032759630600554457,0.011125846787969284,-0.0023975598889276147,1.15,0.10999999999999988,0.7599999999999999,2.07,2.18,2.2700000000000005,2.23,2.7199999999999998,0.01916401754710087,0.035476002698585286,0.12795479646212676,0.0,0.05508453255603369,0.0045989590160503075,0.0,0.0,0.0,0.0
2017-08-01,1.1769565217391305,0.8739130434782609,1.2315,0.9455,1.4004545454545454,1.0018181818181815,1.8926315789473684,1.2178947368421054,1.2569565217391303,0.8191304347826087,4.4,0.0,-0.5,0.0,0.01909768827030412,0.003841239148787778,0.00848689884454243,-0.004147167620660212,1.16,0.010000000000000009,0.7599999999999999,2.0999999999999996,2.07,2.25,2.2199999999999998,2.68,0.0005462837796946754,0.024512527367299527,0.12972106702217376,0.0,0.05307119980083644,0.003994036208381644,0.0,0.0,0.0,0.0
2017-09-01,1.1555,0.8175000000000001,1.1769565217391305,0.8739130434782609,1.1877272727272727,0.8445454545454546,1.733913043478261,1.168695652173913,1.3361904761904762,0.8595238095238096,4.3,0.0,-0.7000000000000002,0.0,0.021571309611642542,0.005093396526107497,0.010574231541419036,0.0010316416096038926,1.15,-0.010000000000000009,0.7499999999999999,2.0999999999999996,2.0999999999999996,2.18,2.1999999999999997,2.6799999999999997,0.01911903935235539,0.03882934067915097,0.1500753200762827,0.0,0.05151885474227283,0.0034544614351700027,0.0,0.0,0.0,0.0
2017-10-01,1.2666666666666668,0.8104761904761905,1.1555,0.8175000000000001,1.2315,0.9455,1.4889473684210526,1.0563157894736843,1.433,0.9215,4.2,-0.09999999999999964,-0.7000000000000002,-0.033333333333333215,0.020006113975012934,0.0007747520471252745,0.02266123887059192,0.012242951327366367,1.15,0.0,0.7499999999999999,1.9600000000000004,2.0999999999999996,2.07,2.2700000000000005,2.62,0.021945560031841664,0.04161088316389172,0.1916377171515972,0.0,0.05032466313329008,0.003993441550109338,0.0,0.0,0.0,0.0
2017-11-01,1.1028571428571428,0.6566666666666666,1.2666666666666668,0.8104761904761905,1.1769565217391305,0.8739130434782609,1.4004545454545454,1.0018181818181815,1.6895,1.1625,4.2,-0.20000000000000018,-0.5,-0.06666666666666643,0.02149231528568953,0.002664454614319393,0.0292312743768665,0.0023896267805680656,1.16,0.010000000000000009,0.75,1.9199999999999995,1.9600000000000004,2.0999999999999996,2.25,2.57,0.02769554104663445,0.06876014043083166,0.18572971315379747,0.0,0.04694010499521175,0.0031399698778883395,0.0,0.0,0.0,0.0
2017-12-01,1.061,0.5585,1.1028571428571428,0.6566666666666666,1.1555,0.8175000000000001,1.1877272727272727,0.8445454545454546,1.98,1.2952380952380953,4.1,-0.20000000000000018,-0.6000000000000005,-0.06666666666666643,0.021075647246180926,0.0021046728661737687,0.024372009651110416,0.0019533298635994296,1.3,0.14000000000000012,0.76,1.8199999999999998,1.9199999999999995,2.0999999999999996,2.18,2.34,0.009783614574871227,0.059424715653347636,0.17747621642938968,0.0,0.04771414603790102,0.0027556175733564397,0.0,0.0,0.0,0.0
2018-01-01,1.1514285714285717,0.5519047619047619,1.061,0.5585,1.2666666666666668,0.8104761904761905,1.2315,0.9455,1.9135,1.226,4.0,-0.20000000000000018,-0.7000000000000002,-0.06666666666666643,0.021285046284350316,0.0042443244618279325,0.02698546955974749,-1.8725955011806047e-05,1.41,0.10999999999999988,0.7599999999999999,1.6799999999999997,1.8199999999999998,1.9600000000000004,2.07,2.23,0.05465739835832857,0.09213655397983433,0.21440730016665532,0.0,0.042966632466639225,0.0013389966725946075,0.0,0.0,0.0,0.0
2018-02-01,1.2710526315789472,0.6836842105263158,1.1514285714285717,0.5519047619047619,1.1028571428571428,0.6566666666666666,1.1769565217391305,0.8739130434782609,1.8926315789473684,1.2178947368421054,4.1,-0.10000000000000053,-0.5,-0.0333333333333341,0.022382325747230508,0.0026886698861772365,0.033429895483449795,0.002421606629052912,1.42,0.010000000000000009,0.7599999999999999,1.65,1.6799999999999997,1.9199999999999995,2.0999999999999996,2.2199999999999998,-0.0397261075980839,0.02471490533511597,0.13815819183029457,-0.03894737187936775,0.04056275585616416,0.003518905159331083,0.0,0.0,0.0,0.0
2018-03-01,1.1157142857142857,0.5666666666666667,1.2710526315789472,0.6836842105263158,1.061,0.5585,1.1555,0.8175000000000001,1.733913043478261,1.168695652173913,4.0,-0.09999999999999964,-0.40000000000000036,-0.0333333333333341,0.023041980457610658,0.00019234391150581894,0.03173900895191763,0.00488635463438427,1.51,0.09000000000000008,0.72,1.7999999999999998,1.65,1.8199999999999998,2.0999999999999996,2.1999999999999997,-0.02725249736693992,-0.012321206606695332,0.11129496735548607,-0.06478478991513814,0.039974313673032606,0.0045347334700962545,0.0,0.0,0.0,0.0
2018-04-01,1.0809523809523809,0.4847619047619047,1.1157142857142857,0.5666666666666667,1.1514285714285717,0.5519047619047619,1.2666666666666668,0.8104761904761905,1.4889473684210526,1.0563157894736843,4.0,0.0,-0.40000000000000036,0.0,0.024409609642524876,0.002601021066074959,0.032561654350064854,0.010958581903170898,1.69,0.17999999999999994,0.7899999999999999,1.7999999999999998,1.7999999999999998,1.6799999999999997,1.9600000000000004,2.2700000000000005,0.002715085811824473,-0.06426351915319932,0.1049599206891123,-0.0622421501866712,0.03732253080346201,0.0016542718917015055,0.0,0.0,0.0,0.0
2018-05-01,1.078181818181818,0.4659090909090909,1.0809523809523809,0.4847619047619047,1.2710526315789472,0.6836842105263158,1.1028571428571428,0.6566666666666666,1.4004545454545454,1.0018181818181815,3.8,-0.2999999999999998,-0.6000000000000005,-0.0999999999999992,0.027439291721927397,0.0022554044437666926,0.022332954145207036,-0.009045665423148675,1.7,0.010000000000000009,0.7899999999999999,1.85,1.7999999999999998,1.65,1.9199999999999995,2.25,0.021378191183066175,-0.0031592203720491167,0.11482835276119789,-0.041978757991085504,0.03785523557857025,0.004017311816697277,0.0,0.0,0.0,0.0
2018-06-01,0.9771428571428572,0.379047619047619,1.078181818181818,0.4659090909090909,1.1157142857142857,0.5666666666666667,1.061,0.5585,1.1877272727272727,0.8445454545454546,4.0,0.0,-0.2999999999999998,0.0,0.027688614662420258,0.000900739384548263,0.02801429704395318,0.007739323183955853,1.82,0.1200000000000001,0.78,1.92,1.85,1.7999999999999998,1.8199999999999998,2.18,0.004830749386570285,0.028924026381460997,0.11485687610726411,-0.03733960118364293,0.040174680753932254,0.003173976082555716,0.0,0.0,0.0,0.0
2018-07-01,0.8942857142857144,0.2823809523809523,0.9771428571428572,0.379047619047619,1.0809523809523809,0.4847619047619047,1.1514285714285717,0.5519047619047619,1.2315,0.9455,3.8,-0.20000000000000018,-0.5,-0.06666666666666732,0.028141534173608422,0.0007805158171934324,0.032024927606123625,0.00161307067324279,1.91,0.08999999999999986,0.76,1.9,1.92,1.7999999999999998,1.6799999999999997,2.07,0.035387950737524286,0.06159689130716074,0.13108080929768756,-0.0026630755522540172,0.0382177312007207,0.002642009462838576,0.0,0.0,0.0,0.0
2018-08-01,0.8165217391304348,0.2534782608695652,0.8942857142857144,0.2823809523809523,1.078181818181818,0.4659090909090909,1.2710526315789472,0.6836842105263158,1.1769565217391305,0.8739130434782609,3.8,0.0,-0.6000000000000005,0.0,0.02608602043805217,0.0017857254132317409,0.04261482433655088,0.006442729109766876,1.91,0.0,0.75,1.8799999999999994,1.9,1.85,1.65,2.0999999999999996,0.029814314524382428,0.0700330146484768,0.16034884004237512,0.0,0.03764649869178837,0.003422803699449253,0.0,0.0,0.0,0.0
2018-09-01,0.8389473684210526,0.2363157894736842,0.8165217391304348,0.2534782608695652,0.9771428571428572,0.379047619047619,1.1157142857142857,0.5666666666666667,1.1555,0.8175000000000001,3.7,-0.2999999999999998,-0.5999999999999996,-0.09999999999999964,0.023052782030270082,0.0020601581183254344,0.042233728001942666,0.0006505452749955743,1.95,0.040000000000000036,0.8,1.88,1.8799999999999994,1.92,1.7999999999999998,2.0999999999999996,0.004285093286333627,0.06948735854824029,0.1455148939763535,0.0,0.035758670405373304,0.0015666331487550337,0.0,0.0,0.0,0.0
2018-10-01,0.859090909090909,0.2913636363636364,0.8389473684210526,0.2363157894736842,0.8942857142857144,0.2823809523809523,1.0809523809523809,0.4847619047619047,1.2666666666666668,0.8104761904761905,3.8,0.0,-0.40000000000000036,0.0,0.02461487757121053,0.0023368475880657606,0.028887386618088765,-0.0011033900564873926,2.19,0.24,1.04,1.9200000000000004,1.88,1.9,1.7999999999999998,1.9600000000000004,-0.07192934595429683,-0.03782993814358086,0.05163998799021481,-0.06940335609369636,0.03254411887116946,0.0007788900159054553,0.0,0.0,0.0,0.0
2018-11-01,0.743,0.258,0.859090909090909,0.2913636363636364,0.8165217391304348,0.2534782608695652,1.078181818181818,0.4659090909090909,1.1028571428571428,0.6566666666666666,3.8,0.0,-0.40000000000000036,0.0,0.021245982977308703,-0.0007044399795824596,0.02729082436195893,0.0007930645244381049,2.2,0.010000000000000231,1.0400000000000003,2.0999999999999996,1.9200000000000004,1.8799999999999994,1.85,1.9199999999999995,0.017701752056117587,-0.04994250061184568,0.04164619899969807,-0.05278349872843249,0.031240207730343663,0.0018360587370624337,0.0,0.0,0.0,0.0
2018-12-01,0.4205263157894737,0.1563157894736842,0.743,0.258,0.8389473684210526,0.2363157894736842,0.9771428571428572,0.379047619047619,1.061,0.5585,3.9,0.19999999999999973,-0.19999999999999973,0.06666666666666643,0.019825969223167622,0.0006846591120324254,0.02558249634190268,0.0002450018435433025,2.27,0.06999999999999984,0.97,2.3,2.0999999999999996,1.88,1.92,1.8199999999999998,-0.09626521985789901,-0.15049281375607831,-0.0644026354330723,-0.13971608780476524,0.035739693554510704,0.007255103397523464,0.0,0.0,0.0,0.0
2019-01-01,0.29,0.1704761904761904,0.4205263157894737,0.1563157894736842,0.859090909090909,0.2913636363636364,0.8942857142857144,0.2823809523809523,1.1514285714285717,0.5519047619047619,4.0,0.20000000000000018,0.0,0.13333333333333375,0.014766332681220313,-0.0008153120801192204,0.01893599925855628,-0.006665223038358249,2.4,0.1299999999999999,0.99,2.41,2.3,1.9200000000000004,1.9,1.6799999999999997,0.07574215198675599,-0.002821315815025297,-0.04331788180464482,-0.07202516291094704,0.03945504698987718,0.005054350107960971,0.0,0.0,0.0,0.0
2019-02-01,0.2384210526315789,0.1721052631578947,0.29,0.1704761904761904,0.743,0.258,0.8165217391304348,0.2534782608695652,1.2710526315789472,0.6836842105263158,3.8,0.0,-0.2999999999999998,0.13333333333333375,0.015074423162215968,0.002996760367172989,0.011035304139436585,-0.005479088490066776,2.4,0.0,0.98,2.27,2.41,2.0999999999999996,1.8799999999999994,1.65,0.029295553365402384,0.008772485494259264,0.025703779158841478,-0.04443750166517785,0.039153710027960316,0.0032175681974143376,0.0,0.0,0.0,0.0
2019-03-01,0.1171428571428571,0.1614285714285714,0.2384210526315789,0.1721052631578947,0.4205263157894737,0.1563157894736842,0.8389473684210526,0.2363157894736842,1.1157142857142857,0.5666666666666667,3.8,-0.10000000000000009,-0.20000000000000018,0.09999999999999964,0.018656739167138385,0.003774659916428186,0.0065242299975934925,0.00037528049254103495,2.41,0.010000000000000231,0.9000000000000001,2.27,2.27,2.3,1.88,1.7999999999999998,0.017765510890228747,0.12280321624238706,0.07072178741600994,-0.027309754582527556,0.03814226346215558,0.003523286904291464,0.0,0.0,1.0,0.0
2019-04-01,0.0995238095238095,0.1876190476190476,0.1171428571428571,0.1614285714285714,0.29,0.1704761904761904,0.859090909090909,0.2913636363636364,1.0809523809523809,0.4847619047619047,3.7,-0.2999999999999998,-0.2999999999999998,-4.440892098500626e-16,0.019808347575986145,0.0037526294749225656,-0.010300329046739139,-0.005865977141161808,2.42,0.009999999999999787,0.73,2.1700000000000004,2.27,2.41,1.9200000000000004,1.7999999999999998,0.03856039741757082,0.08562146167320174,0.1065670990217562,0.0,0.03904011595155388,0.002552124381099869,0.0,0.0,1.0,0.0
2019-05-01,-0.0081818181818181,0.1886363636363636,0.0995238095238095,0.1876190476190476,0.2384210526315789,0.1721052631578947,0.743,0.258,1.078181818181818,0.4659090909090909,3.6,-0.19999999999999973,-0.19999999999999973,-0.06666666666666599,0.01779974595956021,0.00024680282734096474,-0.00010156527726292362,0.0011530983463275595,2.39,-0.029999999999999805,0.6900000000000002,2.23,2.1700000000000004,2.27,2.0999999999999996,1.85,-0.06804089408287398,-0.011714985775074443,0.017148013755816118,-0.0657777313668354,0.042511123749987674,0.0074883196151311,0.0,0.0,1.0,0.0
2019-06-01,-0.1455,0.26,-0.0081818181818181,0.1886363636363636,0.1171428571428571,0.1614285714285714,0.4205263157894737,0.1563157894736842,0.9771428571428572,0.379047619047619,3.6,-0.19999999999999973,-0.3999999999999999,-0.06666666666666687,0.01657384090415683,-0.0003251656708551766,-0.007396616510660965,0.0004442719505578798,2.38,-0.010000000000000231,0.5599999999999998,2.39,2.23,2.27,2.3,1.92,0.06665830156302614,0.03717780489772283,0.07897556593227206,-0.0013816371791429225,0.04600673100730372,0.006669583339871783,0.0,0.0,1.0,0.0
2019-07-01,-0.0859090909090909,0.2240909090909091,-0.1455,0.26,0.0995238095238095,0.1876190476190476,0.29,0.1704761904761904,0.8942857142857144,0.2823809523809523,3.7,0.0,-0.09999999999999964,0.0,0.018098542197342107,0.0023052171103787075,-0.013870291053269502,-0.0048606038693657806,2.4,0.020000000000000018,0.49,2.22,2.39,2.1700000000000004,2.41,1.9,0.01304272483370528,0.011660132313857544,0.05663034002845309,0.0,0.049023283743697466,0.005658562199232183,0.0,0.0,1.0,0.0
2019-08-01,-0.3640909090909091,0.055,-0.0859090909090909,0.2240909090909091,-0.0081818181818181,0.1886363636363636,0.2384210526315789,0.1721052631578947,0.8165217391304348,0.2534782608695652,3.6,0.0,-0.19999999999999973,0.0,0.017227168654439545,0.0009143518703292457,-0.01348729532813472,0.006825724834901714,2.13,-0.27,0.21999999999999997,2.24,2.22,2.23,2.27,1.8799999999999994,-0.018257281743262237,0.06144374465346925,0.008558743760808453,-0.01809162724052388,0.05146764220063013,0.005867162156382008,0.0,0.0,1.0,0.0
2019-09-01,-0.235,0.0515,-0.3640909090909091,0.055,-0.1455,0.26,0.1171428571428571,0.1614285714285714,0.8389473684210526,0.2363157894736842,3.5,-0.10000000000000009,-0.20000000000000018,-0.033333333333333215,0.016704673825508602,0.0015376632893943979,-0.01752728232651202,-0.0033894417233817985,2.04,-0.08999999999999986,0.09000000000000008,2.21,2.24,2.39,2.27,1.88,0.01703525059107193,0.011820693681515101,0.021308901065546854,-0.0012212847761843488,0.054737568407761256,0.004836559355886078,0.0,1.0,1.0,0.0
2019-10-01,0.0281818181818181,0.1554545454545454,-0.235,0.0515,-0.0859090909090909,0.2240909090909091,0.0995238095238095,0.1876190476190476,0.859090909090909,0.2913636363636364,3.6,-0.10000000000000009,-0.19999999999999973,-0.033333333333333215,0.017191119291485153,0.002823293054042275,-0.024902254934305073,-0.008478362664280365,1.83,-0.20999999999999996,-0.3599999999999999,2.21,2.21,2.22,2.1700000000000004,1.9200000000000004,0.020225842153317446,0.019003811001127108,0.11346408917316106,0.0,0.06302887034087351,0.009070191949017871,0.0,1.0,1.0,0.0
2019-11-01,0.24,0.1994736842105263,0.0281818181818181,0.1554545454545454,-0.3640909090909091,0.055,-0.0081818181818181,0.1886363636363636,0.743,0.258,3.6,0.0,-0.19999999999999973,0.0,0.02070702599713019,0.0028114667260626747,-0.02068855514353038,0.0050067643152127755,1.55,-0.28,-0.6500000000000001,2.13,2.21,2.24,2.23,2.0999999999999996,0.033480266071378155,0.07074135881576762,0.12924260318842154,0.0,0.06853534018709785,0.007342528583286766,0.0,1.0,1.0,0.0
2019-12-01,0.2976190476190476,0.2495238095238095,0.24,0.1994736842105263,-0.235,0.0515,-0.1455,0.26,0.4205263157894737,0.1563157894736842,3.6,0.10000000000000009,-0.2999999999999998,0.03333333333333366,0.022930353112747378,0.0029079862276498274,-0.023260241481537873,-0.002326684494464219,1.55,0.0,-0.72,2.0199999999999996,2.13,2.21,2.39,2.3,0.028188756298542148,0.08189486452323777,0.2536965793448628,0.0,0.0646414748000432,0.003361238010468934,1.0,1.0,1.0,0.0
2020-01-01,0.2052380952380952,0.2385714285714285,0.2976190476190476,0.2495238095238095,0.0281818181818181,0.1554545454545454,-0.0859090909090909,0.2240909090909091,0.29,0.1704761904761904,3.6,0.0,-0.3999999999999999,0.03333333333333366,0.025665485311763454,0.0019198201188967035,-0.02317015702322562,-0.006575138580045964,1.55,0.0,-0.8499999999999999,2.01,2.0199999999999996,2.21,2.22,2.41,-0.0016294196024425806,0.06003960276747767,0.17632500775566423,-0.0016280928190489504,0.0647602335230609,0.005173108830978655,1.0,1.0,1.0,0.0
2020-02-01,-0.0405263157894736,0.1731578947368421,0.2052380952380952,0.2385714285714285,0.24,0.1994736842105263,-0.3640909090909091,0.055,0.2384210526315789,0.1721052631578947,3.5,-0.10000000000000009,-0.2999999999999998,0.0,0.023143283045387146,0.00047455810079677726,-0.01433446707714876,0.0033566014560100035,1.58,0.030000000000000027,-0.8199999999999998,2.11,2.01,2.13,2.24,2.27,-0.08785953690838776,-0.06130020021228821,0.05916991748187407,-0.08560163678303367,0.06583108896743159,0.004288423641785128,1.0,1.0,1.0,0.0
2020-03-01,0.5745454545454546,0.4218181818181818,-0.0405263157894736,0.1731578947368421,0.2976190476190476,0.2495238095238095,-0.235,0.0515,0.1171428571428571,0.1614285714285714,4.4,0.8000000000000003,0.6000000000000005,0.26666666666666705,0.014829891206053296,-0.004538731922905509,-0.054615173770714835,-0.03990542620102489,0.65,-0.93,-1.7600000000000002,3.42,2.11,2.0199999999999996,2.21,2.27,-0.1336677246703745,-0.22315668118120488,-0.09226331807872913,-0.20001050382463903,0.0965427734775624,0.034234971414422166,1.0,1.0,1.0,1.0
2020-04-01,0.5195238095238095,0.4328571428571428,0.5745454545454546,0.4218181818181818,0.2052380952380952,0.2385714285714285,0.0281818181818181,0.1554545454545454,0.0995238095238095,0.1876190476190476,14.8,11.200000000000001,11.100000000000001,4.0,0.003125583212112847,-0.007951678519017845,-0.19017167564500895,-0.14142247901545593,0.05,-0.6,-2.37,3.4699999999999998,3.42,2.01,2.21,2.1700000000000004,0.11942083876017671,-0.10210642281858558,-0.011402876736123247,-0.0985366056399493,0.15638871293569037,0.06239806383922783,0.0,0.0,0.0,1.0
2020-05-01,0.5465,0.5035000000000001,0.5195238095238095,0.4328571428571428,-0.0405263157894736,0.1731578947368421,0.24,0.1994736842105263,-0.0081818181818181,0.1886363636363636,13.2,9.7,9.6,7.2333333333333325,0.00198005143952342,-0.000898728945248481,-0.17492185946287866,0.016402914528457952,0.05,0.0,-2.3400000000000003,3.2800000000000002,3.4699999999999998,2.11,2.13,2.23,0.04428653294909693,0.030039647038899157,0.10092455029584782,-0.05771670278143543,0.1984902459135433,0.04958985259298396,0.0,0.0,0.0,0.0
2020-06-01,0.5690909090909091,0.5436363636363637,0.5465,0.5035000000000001,0.5745454545454546,0.4218181818181818,0.2976190476190476,0.2495238095238095,-0.1455,0.26,11.0,6.6,7.4,9.433333333333334,0.0071410050553795045,0.004835787945001026,-0.11189363982160959,0.06347249159182694,0.08,0.03,-2.3,2.91,3.2800000000000002,3.42,2.0199999999999996,2.39,0.018221374356719156,0.18192874606599305,0.05248762308954093,-0.04038962388373248,0.20574223236914796,0.013921569795476613,0.0,0.0,0.0,0.0
2020-07-01,0.4968181818181818,0.4754545454545455,0.5690909090909091,0.5436363636363637,0.5195238095238095,0.4328571428571428,0.2052380952380952,0.2385714285714285,-0.0859090909090909,0.2240909090909091,10.2,-4.600000000000001,6.499999999999999,7.899999999999997,0.009919288416800202,0.005083500471799465,-0.07024592365144325,0.03678711230080065,0.09,0.009999999999999995,-2.31,2.69,2.91,3.4699999999999998,2.01,2.22,0.053636801634505855,0.11614470894032203,0.09308169989034132,0.0,0.20835870321937394,0.008275033049458211,0.0,0.0,0.0,0.0
2020-08-01,0.5457142857142857,0.5104761904761905,0.4968181818181818,0.4754545454545455,0.5465,0.5035000000000001,-0.0405263157894736,0.1731578947368421,-0.3640909090909091,0.055,8.4,-4.799999999999999,4.800000000000001,6.300000000000001,0.012729335637453421,0.003724399090982494,-0.06733968805509381,0.00973196043125123,0.1,0.010000000000000009,-2.03,2.62,2.69,3.2800000000000002,2.11,2.24,0.06771908300435733,0.13957725899558235,0.17905806463796098,0.0,0.20661709866620218,0.0041255576032100056,0.0,0.0,0.0,0.0
2020-09-01,0.570952380952381,0.5447619047619048,0.5457142857142857,0.5104761904761905,0.5690909090909091,0.5436363636363637,0.5745454545454546,0.4218181818181818,-0.235,0.0515,7.8,-3.2,4.3,5.2333333333333325,0.013814369605232295,0.002622697257173156,-0.06382519539934657,0.00012505093236555415,0.09,-0.010000000000000009,-1.95,2.6799999999999997,2.62,2.91,3.42,2.21,-0.04001811998317809,0.08133776465568499,0.12200469406371081,-0.03922797017842309,0.21211734451253825,0.01033680520222203,0.0,0.0,0.0,0.0
2020-10-01,0.6866666666666666,0.6376190476190476,0.570952380952381,0.5447619047619048,0.4968181818181818,0.4754545454545455,0.5195238095238095,0.4328571428571428,0.0281818181818181,0.1554545454545454,6.9,-3.299999999999999,3.3000000000000003,4.133333333333333,0.012228786101181322,0.0012377095499913904,-0.0473294078977599,0.008017424837306384,0.09,0.0,-1.74,2.65,2.6799999999999997,2.69,3.4699999999999998,2.21,-0.028055692285554126,-0.0003547292643750071,0.07372315962483914,-0.0658084837629479,0.2113501758986301,0.008303023335109728,0.0,0.0,0.0,0.0
2020-11-01,0.7789473684210527,0.7042105263157895,0.6866666666666666,0.6376190476190476,0.5457142857142857,0.5104761904761905,0.5465,0.5035000000000001,0.24,0.1994736842105263,6.7,-1.7000000000000002,3.1,3.5666666666666664,0.011688870339403773,0.0022715509642852643,-0.04880507542197371,0.00353109679099897,0.09,0.0,-1.46,2.4299999999999997,2.65,2.62,3.2800000000000002,2.13,0.10214642790660017,0.034072615637867856,0.14238932146006117,0.0,0.21668971565386655,0.012682068338523249,0.0,0.0,0.0,0.0
2020-12-01,0.8463636363636364,0.7977272727272727,0.7789473684210527,0.7042105263157895,0.570952380952381,0.5447619047619048,0.5690909090909091,0.5436363636363637,0.2976190476190476,0.2495238095238095,6.7,-1.0999999999999996,3.1,3.1999999999999993,0.013117775848018641,0.004336891736264594,-0.03336553581646612,0.013112855111043258,0.09,0.0,-1.46,2.23,2.4299999999999997,2.6799999999999997,2.91,2.0199999999999996,0.03644904784059159,0.11053978346163756,0.1506496130021108,0.0,0.21955739261348922,0.006228914970091453,0.0,0.0,0.0,0.0
2021-01-01,0.9973684210526316,0.95,0.8463636363636364,0.7977272727272727,0.6866666666666666,0.6376190476190476,0.4968181818181818,0.4754545454545455,0.2052380952380952,0.2385714285714285,6.4,-0.5,2.8000000000000003,3.033333333333334,0.013644920352352425,0.00244696462323052,-0.021525871669815278,0.005264525566604699,0.09,0.0,-1.46,2.16,2.23,2.65,2.69,2.01,-0.0111991376508885,0.12739633809630332,0.14107989495366477,-0.011136660755445142,0.22806430239361927,0.013680018611108777,0.0,0.0,0.0,0.0
2021-02-01,1.2152631578947368,1.1426315789473684,0.9973684210526316,0.95,0.7789473684210527,0.7042105263157895,0.5457142857142857,0.5104761904761905,-0.0405263157894736,0.1731578947368421,6.2,-0.5,2.7,2.8666666666666663,0.016560286184348537,0.0033899239327928117,-0.05848305012524921,-0.03360057699942389,0.08,-0.009999999999999995,-1.5,2.16,2.16,2.4299999999999997,2.62,2.11,0.02575687667253664,0.05100678686223987,0.2546963085345893,0.0,0.23724582162896599,0.013469942877131763,0.0,0.0,0.0,0.0
2021-03-01,1.5795652173913042,1.463913043478261,1.2152631578947368,1.1426315789473684,0.8463636363636364,0.7977272727272727,0.570952380952381,0.5447619047619048,0.5745454545454546,0.4218181818181818,6.1,-0.6000000000000005,1.6999999999999993,2.4,0.02632853015763096,0.005229512050376868,0.00998816230822631,0.02856578623245058,0.07,-0.009999999999999995,-0.5800000000000001,2.13,2.16,2.23,2.6799999999999997,3.42,0.041562807282546625,0.05612054630419489,0.42992684048751056,0.0,0.2147229921946082,0.011712141980064336,0.0,0.0,0.0,0.0
2021-04-01,1.614090909090909,1.471818181818182,1.5795652173913042,1.463913043478261,0.9973684210526316,0.95,0.6866666666666666,0.6376190476190476,0.5195238095238095,0.4328571428571428,6.1,-0.3000000000000007,-8.700000000000001,-0.10000000000000053,0.04049948282641079,0.006219274149762086,0.15316849920100287,0.0017578578773203891,0.07,0.0,0.020000000000000004,1.9600000000000002,2.13,2.16,2.65,3.4699999999999998,0.05109733046805641,0.11841701442313968,0.3616033321953902,0.0,0.16741192188800447,0.015086993532624136,0.0,0.0,0.0,0.0
2021-05-01,1.6030000000000002,1.466,1.614090909090909,1.471818181818182,1.2152631578947368,1.1426315789473684,0.7789473684210527,0.7042105263157895,0.5465,0.5035000000000001,5.8,-0.40000000000000036,-7.3999999999999995,-0.13333333333333375,0.04801135706806364,0.006613145296404325,0.1456003425289381,0.008834757856393222,0.06,-0.010000000000000009,0.009999999999999995,2.0,1.9600000000000002,2.16,2.4299999999999997,3.2800000000000002,0.00547149271672327,0.09813163046732638,0.3227882919630165,0.0,0.13177609313813657,0.013954023843116064,0.0,0.0,0.0,0.0
2021-06-01,1.4831818181818184,1.3163636363636364,1.6030000000000002,1.466,1.5795652173913042,1.463913043478261,0.8463636363636364,0.7977272727272727,0.5690909090909091,0.5436363636363637,5.9,-0.1999999999999993,-5.1,-0.06666666666666643,0.051601756701483946,0.008426187578421077,0.08579594049803549,0.003668089560924184,0.08,0.020000000000000004,0.0,1.92,2.0,2.13,2.23,2.91,0.021970872566122474,0.07853969575090218,0.32653779017241974,0.0,0.11874372063203428,0.0008891972893744801,0.0,0.0,0.0,0.0
2021-07-01,1.266190476190476,1.099047619047619,1.4831818181818184,1.3163636363636364,1.614090909090909,1.471818181818182,0.9973684210526316,0.95,0.4968181818181818,0.4754545454545455,5.4,-0.6999999999999993,-4.799999999999999,-0.2333333333333334,0.05112238890647847,0.004604132676794061,0.05353968964229446,0.004530861445059503,0.1,0.020000000000000004,0.010000000000000009,1.9200000000000002,1.92,1.9600000000000002,2.16,2.69,0.022493175922251307,0.04993554120509694,0.2953941644601651,0.0,0.11806781148217345,0.007599123899597464,0.0,0.0,0.0,0.0
2021-08-01,1.2286363636363635,1.0659090909090911,1.266190476190476,1.099047619047619,1.6030000000000002,1.466,1.2152631578947368,1.1426315789473684,0.5457142857142857,0.5104761904761905,5.1,-0.7000000000000002,-3.3000000000000007,-0.2333333333333334,0.05023688194741348,0.002838892131917233,0.041728801116909464,-0.0020789280941337757,0.09,-0.010000000000000009,-0.010000000000000009,1.9600000000000002,1.9200000000000002,2.0,2.16,2.62,0.028578143159792575,0.07304219164816628,0.25625322461560024,0.0,0.12394383217061049,0.010001578291646896,0.0,0.0,0.0,0.0
2021-09-01,1.332857142857143,1.1338095238095238,1.2286363636363635,1.0659090909090911,1.4831818181818184,1.3163636363636364,1.5795652173913042,1.463913043478261,0.570952380952381,0.5447619047619048,4.7,-1.2000000000000002,-3.0999999999999996,-0.39999999999999947,0.05212949279021375,0.00451530809997354,0.029680125145707902,-0.011923625038835893,0.08,-0.009999999999999995,-0.009999999999999995,1.8599999999999999,1.9600000000000002,1.92,2.13,2.6799999999999997,-0.04873779278283316,0.002333526299210618,0.24753355181594527,-0.047569168801901096,0.12032128598528447,0.006714259016896146,0.0,0.0,0.0,0.0
2021-10-01,1.5305,1.19,1.332857142857143,1.1338095238095238,1.266190476190476,1.099047619047619,1.614090909090909,1.471818181818182,0.6866666666666666,0.6376190476190476,4.5,-0.9000000000000004,-2.4000000000000004,-0.3000000000000007,0.060483834403275004,0.009592051163052466,0.035008691288848155,0.013345990980446365,0.08,0.0,-0.009999999999999995,1.77,1.8599999999999999,1.9200000000000002,1.9600000000000002,2.65,0.0668581752839893,0.04669852566094859,0.3424474193854887,0.0,0.12054195835122691,0.008523695701051982,0.0,0.0,0.0,0.0
2021-11-01,1.508,1.0515,1.5305,1.19,1.2286363636363635,1.0659090909090911,1.6030000000000002,1.466,0.7789473684210527,0.7042105263157895,4.1,-1.0,-2.6000000000000005,-0.33333333333333304,0.06674206408726398,0.008529780648274327,0.03823509280001242,0.006757498302163356,0.08,0.0,-0.009999999999999995,1.7199999999999998,1.77,1.9600000000000002,2.0,2.4299999999999997,-0.008368625655205266,0.009751756845951068,0.23193236582368332,-0.008333706184746143,0.1161006540755407,0.008240764062836975,0.0,0.0,0.0,0.0
2021-12-01,1.4063636363636365,0.785,1.508,1.0515,1.332857142857143,1.1338095238095238,1.4831818181818184,1.3163636363636364,0.8463636363636364,0.7977272727272727,3.9,-0.8000000000000003,-2.8000000000000003,-0.2666666666666666,0.06928667098426382,0.006881498633264446,0.02221513767596283,-0.002907100013006407,0.08,0.0,-0.009999999999999995,1.8299999999999998,1.7199999999999998,1.8599999999999999,1.92,2.23,0.04268864816139665,0.10117819779018065,0.2381719661444884,0.0,0.11748248125624569,0.007610742150796332,0.0,0.0,0.0,0.0
2022-01-01,1.6184999999999998,0.7835,1.4063636363636365,0.785,1.5305,1.19,1.266190476190476,1.099047619047619,0.9973684210526316,0.95,4.0,-0.5,-2.4000000000000004,-0.16666666666666652,0.07286754203155345,0.0060278356705199595,0.013095223095462917,-0.003855389013895069,0.08,0.0,-0.009999999999999995,1.82,1.8299999999999998,1.77,1.9200000000000002,2.16,-0.05401822999928342,-0.019698207493092094,0.19535287379609342,-0.05258516502739384,0.11081544890438651,0.007012986259249718,0.0,0.0,0.0,0.0
2022-02-01,1.6194736842105264,0.4989473684210526,1.6184999999999998,0.7835,1.508,1.0515,1.2286363636363635,1.0659090909090911,1.2152631578947368,1.1426315789473684,3.9,-0.19999999999999973,-2.3000000000000003,-0.06666666666666732,0.07638012027240038,0.0069025021736397055,0.05287318003183897,0.006177379936952057,0.08,0.0,0.0,2.04,1.82,1.7199999999999998,1.9600000000000002,2.16,-0.03186276102171146,-0.04319234285959822,0.13773323610184526,-0.08229656032898626,0.10079451670394665,0.003449010676691989,0.0,0.0,0.0,0.0
2022-03-01,1.6804347826086956,0.2182608695652173,1.6194736842105264,0.4989473684210526,1.4063636363636365,0.785,1.332857142857143,1.1338095238095238,1.5795652173913042,1.463913043478261,3.7,-0.19999999999999973,-2.3999999999999995,-0.06666666666666643,0.08224524921416296,0.011094640992139613,0.030086919088747662,0.005779525289359483,0.2,0.12000000000000001,0.13,2.16,2.04,1.8299999999999998,1.8599999999999999,2.13,0.035148286271522736,-0.050732704749472134,0.13131871509082124,-0.049467290542075174,0.09193678133929918,0.0028544066154169777,0.0,0.0,0.0,0.0
2022-04-01,1.984,0.2095,1.6804347826086956,0.2182608695652173,1.6184999999999998,0.7835,1.5305,1.19,1.614090909090909,1.471818181818182,3.7,-0.2999999999999998,-2.3999999999999995,-0.10000000000000009,0.07910458257893596,0.0030786075145350865,0.028815180925759066,0.00048611971433171945,0.33,0.13,0.26,1.9100000000000001,2.16,1.82,1.77,1.9600000000000002,-0.09206782490742232,-0.088782299657611,-0.01184644028465737,-0.1330730221284672,0.07604623006914232,-0.000803557737532985,0.0,0.0,0.0,0.0
2022-05-01,1.9052380952380952,0.2814285714285714,1.984,0.2095,1.6194736842105264,0.4989473684210526,1.508,1.0515,1.6030000000000002,1.466,3.6,-0.2999999999999998,-2.1999999999999997,-0.09999999999999964,0.08193173337717487,0.009440296094643148,0.0189299898540515,-0.0010504332153142076,0.77,0.44,0.71,2.22,1.9100000000000001,2.04,1.7199999999999998,2.0,5.3176290760624664e-05,-0.05686636234513889,-0.017264756710620013,-0.13302692094168947,0.059783554197832975,-0.0023086520281930434,0.0,0.0,0.0,0.0
2022-06-01,1.6047619047619048,0.1452380952380952,1.9052380952380952,0.2814285714285714,1.6804347826086956,0.2182608695652173,1.4063636363636365,0.785,1.4831818181818184,1.3163636363636364,3.6,-0.10000000000000009,-2.3000000000000003,-0.033333333333333215,0.08598833063458912,0.012482784835835552,0.012143561603657852,-0.003118338689469307,1.21,0.43999999999999995,1.13,2.1299999999999994,2.22,2.16,1.8299999999999998,1.92,-0.08765158180481791,-0.17966623042147956,-0.1268872110815604,-0.20578330167889253,0.05575395640546469,-0.003140400502993879,0.0,0.0,0.0,0.0
2022-07-01,0.5980000000000001,-0.1399999999999999,1.6047619047619048,0.1452380952380952,1.984,0.2095,1.6184999999999998,0.7835,1.266190476190476,1.099047619047619,3.5,-0.20000000000000018,-1.9000000000000004,-0.06666666666666643,0.08123501254378326,-0.00014918541401187277,0.009639985132570089,0.002027284973971847,1.68,0.47,1.5799999999999998,2.31,2.1299999999999994,1.9100000000000001,1.82,1.9200000000000002,0.08720138468971587,-0.00039702082434143397,-0.0621790023140958,-0.13341714187599252,0.048219492257042355,6.465975117499415e-05,0.0,0.0,0.0,0.0
2022-08-01,0.1760869565217391,-0.3521739130434782,0.5980000000000001,-0.1399999999999999,1.9052380952380952,0.2814285714285714,1.6194736842105264,0.4989473684210526,1.2286363636363635,1.0659090909090911,3.6,0.0,-1.4999999999999996,0.0,0.07901983867414968,0.0006237182622837172,0.010466437397034687,-0.0012524758296693903,2.33,0.6500000000000001,2.24,2.2500000000000004,2.31,2.22,2.04,1.9600000000000002,-0.04336703066340545,-0.04381722777850755,-0.1341241761372937,-0.17019502953395696,0.037589613635657916,-0.0006283003297372691,0.0,0.0,0.0,0.0
2022-09-01,0.2971428571428571,-0.3376190476190476,0.1760869565217391,-0.3521739130434782,1.6047619047619048,0.1452380952380952,1.6804347826086956,0.2182608695652173,1.332857142857143,1.1338095238095238,3.5,-0.10000000000000009,-1.2000000000000002,-0.03333333333333366,0.0787382285621273,0.004233697987950951,0.024321994805475228,0.0019319323696046933,2.56,0.22999999999999998,2.48,2.1700000000000004,2.2500000000000004,2.1299999999999994,2.16,1.8599999999999999,-0.09804916662099257,-0.054214812594682166,-0.18343554997545314,-0.2476952223905883,0.026141190374229645,-0.004734164244532187,0.0,0.0,0.0,0.0
2022-10-01,0.1109999999999999,-0.3915,0.2971428571428571,-0.3376190476190476,0.5980000000000001,-0.1399999999999999,1.984,0.2095,1.5305,1.19,3.6,0.10000000000000009,-0.8999999999999999,0.03333333333333366,0.07472533972171916,0.005579162322644533,0.010591891078772913,-0.0003841127462558634,3.08,0.52,3.0,2.28,2.1700000000000004,2.31,1.9100000000000001,1.77,0.07683456446885563,-0.06458163281554224,-0.1734591607905868,-0.18761359460480884,0.014115010750498131,-0.003502483922679259,0.0,0.0,0.0,0.0
2022-11-01,-0.432,-0.6125,0.1109999999999999,-0.3915,0.1760869565217391,-0.3521739130434782,1.9052380952380952,0.2814285714285714,1.508,1.0515,3.6,0.0,-0.49999999999999956,0.03333333333333366,0.0688061809890154,0.002610621915570538,0.0008898993058806767,-0.002944493470728878,3.78,0.6999999999999997,3.6999999999999997,2.18,2.28,2.2500000000000004,2.22,1.7199999999999998,0.05235797609764905,0.031143373945512143,-0.11273255903773256,-0.14394547479458591,0.0033035451877414315,-0.002570701499919772,0.0,0.0,0.0,0.0
2022-12-01,-0.741904761904762,-0.6723809523809524,-0.432,-0.6125,0.2971428571428571,-0.3376190476190476,1.6047619047619048,0.1452380952380952,1.4063636363636365,0.785,3.5,0.0,-0.3999999999999999,0.03333333333333366,0.06207862684902532,0.00015394449327434505,-0.00804840147863746,-0.01184540079752463,4.1,0.31999999999999984,4.02,1.9699999999999998,2.18,2.1700000000000004,2.1299999999999994,1.8299999999999998,-0.060781825376668173,0.06841071518983645,-0.2162030325757973,-0.19442827203429272,-0.009717413662919566,-0.005410216699864597,0.0,0.0,0.0,0.0
2023-01-01,-1.156,-0.6759999999999999,-0.741904761904762,-0.6723809523809524,0.1109999999999999,-0.3915,0.5980000000000001,-0.1399999999999999,1.6184999999999998,0.7835,3.5,-0.10000000000000009,-0.5,0.0,0.06135074417716258,0.005299952998657183,0.003183011757086809,0.007376024221829491,4.33,0.23000000000000043,4.25,1.9700000000000002,1.9699999999999998,2.28,2.31,1.82,0.05992118183434968,0.0514973325553303,-0.10226362074216432,-0.1446819156415897,-0.01726598586127717,-0.0005355859391080297,0.0,0.0,0.0,0.0
2023-02-01,-1.0410526315789477,-0.7868421052631579,-1.156,-0.6759999999999999,-0.432,-0.6125,0.1760869565217391,-0.3521739130434782,1.6194736842105264,0.4989473684210526,3.6,0.0,-0.2999999999999998,0.0,0.057870911369029006,0.0034226693655060596,-0.0016361546082776924,0.001358213571587366,4.57,0.2400000000000002,4.49,1.8399999999999999,1.9700000000000002,2.18,2.2500000000000004,2.04,-0.02645947885979313,-0.027320122402111742,-0.09686033858024609,-0.1670164039291734,-0.02244586569687305,-0.0017308691589037785,0.0,0.0,0.0,0.0
2023-03-01,-1.1956521739130437,-0.6395652173913043,-1.0410526315789477,-0.7868421052631579,-0.741904761904762,-0.6723809523809524,0.2971428571428571,-0.3376190476190476,1.6804347826086956,0.2182608695652173,3.5,0.0,-0.20000000000000018,0.0,0.04800623185944349,0.0012299614825539737,-0.0036579044319787935,0.0037577754656583384,4.65,0.08000000000000007,4.45,2.05,1.8399999999999999,1.9699999999999998,2.1700000000000004,2.16,0.03445129269826359,0.06791299567281989,-0.0975573321535053,-0.1378189856366118,-0.039327755679469646,-0.014027483367179685,0.0,0.0,0.0,0.0
2023-04-01,-1.6135000000000002,-0.5559999999999999,-1.1956521739130437,-0.6395652173913043,-1.156,-0.6759999999999999,0.1109999999999999,-0.3915,1.984,0.2095,3.4,-0.10000000000000009,-0.30000000000000027,-0.033333333333333215,0.04831462139426259,0.0033869970493541277,-0.0018451555115864167,0.002298868634724092,4.83,0.17999999999999972,4.5,2.0700000000000003,2.05,1.9700000000000002,2.28,1.9100000000000001,0.0145361776495622,0.022527991488032598,0.009046670403479255,-0.12519463664939853,-0.04741463724207174,-0.008890439300135064,0.0,0.0,0.0,0.0
2023-05-01,-1.7345454545454544,-0.5581818181818181,-1.6135000000000002,-0.5559999999999999,-1.0410526315789477,-0.7868421052631579,-0.432,-0.6125,1.9052380952380952,0.2814285714285714,3.6,0.0,0.0,0.0,0.04048771047486532,0.0016133851752459514,-0.0040037213187393865,-0.003208999022467116,5.06,0.22999999999999954,4.289999999999999,2.1999999999999997,2.0700000000000003,1.8399999999999999,2.18,2.22,0.0024792714332724764,0.051466741781098314,0.01147276554599117,-0.12302306585800404,-0.041821609958874156,0.0032843752550046194,0.0,0.0,0.0,0.0
2023-06-01,-1.6676190476190478,-0.8914285714285713,-1.7345454545454544,-0.5581818181818181,-1.1956521739130437,-0.6395652173913043,-0.741904761904762,-0.6723809523809524,1.6047619047619048,0.1452380952380952,3.6,0.10000000000000009,0.0,0.033333333333333215,0.03024416997387201,0.002239244334842221,-0.008933247434292668,-0.008047864805022571,5.08,0.020000000000000462,3.87,2.0,2.1999999999999997,2.05,1.9699999999999998,2.1299999999999994,0.06271886491464175,0.07973431399747659,0.16184321226545087,-0.06625857213150477,-0.04014173704274107,-0.0014605275868607148,0.0,0.0,0.0,0.0
2023-07-01,-1.589,-0.929,-1.6676190476190478,-0.8914285714285713,-1.6135000000000002,-0.5559999999999999,-1.156,-0.6759999999999999,0.5980000000000001,-0.1399999999999999,3.5,0.10000000000000009,0.0,0.06666666666666643,0.03234858938184734,0.0019552339939636135,-0.00312967622448847,0.007830856183775964,5.12,0.040000000000000036,3.4400000000000004,1.8400000000000003,2.0,2.0700000000000003,1.9700000000000002,2.31,0.03066395090770391,0.09586208725561822,0.10530577848343894,-0.03718286097203635,-0.04059591069991875,-0.0003895139060027527,0.0,0.0,0.0,0.0
2023-08-01,-1.391304347826087,-0.7339130434782608,-1.589,-0.929,-1.7345454545454544,-0.5581818181818181,-1.0410526315789477,-0.7868421052631579,0.1760869565217391,-0.3521739130434782,3.7,0.10000000000000009,0.10000000000000009,0.10000000000000009,0.036548924058198436,0.004824052938634841,-0.0025453673226149332,-0.0006681669277958593,5.33,0.20999999999999996,3.0,1.8499999999999996,1.8400000000000003,2.1999999999999997,1.8399999999999999,2.2500000000000004,-0.017875203842993896,0.07550761197935164,0.13079760530385057,-0.05424050497395949,-0.040646015230676506,-0.0006784048604950237,0.0,0.0,0.0,0.0
2023-09-01,-1.1765,-0.643,-1.391304347826087,-0.7339130434782608,-1.6676190476190478,-0.8914285714285713,-1.1956521739130437,-0.6395652173913043,0.2971428571428571,-0.3376190476190476,3.7,0.10000000000000009,0.20000000000000018,0.1333333333333333,0.03620855266978589,0.003893326599538476,-0.0026760543845322526,0.0018012453076874022,5.33,0.0,2.77,1.7800000000000002,1.8499999999999996,2.0,2.05,2.1700000000000004,-0.04994616792328207,-0.03715742085857204,0.17890060400156096,-0.10031730934623702,-0.03732787931212861,-0.0014160283259843417,0.0,0.0,0.0,0.0
2023-10-01,-0.8066666666666668,-0.2695238095238095,-1.1765,-0.643,-1.589,-0.929,-1.6135000000000002,-0.5559999999999999,0.1109999999999999,-0.3915,3.9,0.3999999999999999,0.2999999999999998,0.2666666666666666,0.03199530640608531,0.001365916058944007,-0.0077731206793496275,-0.005481179041073229,5.33,0.0,2.25,1.83,1.7800000000000002,1.8400000000000003,2.0700000000000003,2.28,-0.022224841001403373,-0.09004621276767942,0.07984119853130187,-0.12009205484975777,-0.03452451573170956,-0.0006991203422602016,0.0,0.0,0.0,0.0
2023-11-01,-1.02,-0.3795238095238095,-0.8066666666666668,-0.2695238095238095,-1.391304347826087,-0.7339130434782608,-1.7345454545454544,-0.5581818181818181,-0.432,-0.6125,3.7,0.0,0.10000000000000009,0.26666666666666616,0.03085258896360219,0.0014679044730874216,-0.0009047707201971094,0.00392385648842358,5.33,0.0,1.5500000000000003,1.79,1.83,1.8499999999999996,2.1999999999999997,2.18,0.0854244482007529,0.013253439276067357,0.11290767063440563,-0.04162250770581337,-0.03130289339693992,0.0006509208348498236,0.0,0.0,0.0,0.0
2023-12-01,-1.4220000000000002,-0.437,-1.02,-0.3795238095238095,-1.1765,-0.643,-1.6676190476190478,-0.8914285714285713,-0.741904761904762,-0.6723809523809524,3.8,0.09999999999999964,0.2999999999999998,0.2999999999999998,0.032621195148501377,0.0019225506781735927,0.008351619016677081,-0.002589011060650594,5.33,0.0,1.2300000000000004,1.62,1.79,1.7800000000000002,2.0,1.9699999999999998,0.04327903543160833,0.10647864263095763,0.21696853144268205,0.0,-0.02438513267232214,0.0015075440247532671,0.0,0.0,0.0,0.0
2024-01-01,-1.3957142857142857,-0.2647619047619048,-1.4220000000000002,-0.437,-0.8066666666666668,-0.2695238095238095,-1.589,-0.929,-1.156,-0.6759999999999999,3.7,-0.19999999999999973,0.20000000000000018,0.2333333333333334,0.03041613352594894,0.00309489137610503,-0.012844690090806837,-0.013820284885654505,5.33,0.0,1.0,1.62,1.62,1.83,1.8400000000000003,1.9700000000000002,0.015770693886425723,0.1444741775187868,0.1728180434947581,0.0,-0.020687724274801294,0.0031618224584129455,0.0,0.0,0.0,0.0
2024-02-01,-1.233,-0.3365,-1.3957142857142857,-0.2647619047619048,-1.02,-0.3795238095238095,-1.391304347826087,-0.7339130434782608,-1.0410526315789477,-0.7868421052631579,3.9,0.19999999999999973,0.2999999999999998,0.2999999999999998,0.031082632289068043,0.004089168128625178,-0.0035495586389368075,0.01065334502345764,5.33,0.0,0.7599999999999998,1.5599999999999996,1.62,1.79,1.8499999999999996,1.8399999999999999,0.050427528312771974,0.10947725763080596,0.2497050506673233,0.0,-0.01498274381991916,0.0039741112959782825,0.0,0.0,0.0,0.0
2024-03-01,-1.26,-0.3795,-1.233,-0.3365,-1.4220000000000002,-0.437,-1.1765,-0.643,-1.1956521739130437,-0.6395652173913043,3.9,0.10000000000000009,0.3999999999999999,0.33333333333333304,0.03427421970979797,0.0044215489032838895,-0.0055887140569342375,0.001718620047660912,5.33,0.0,0.6799999999999997,1.54,1.5599999999999996,1.62,1.7800000000000002,2.05,0.03054742011174303,0.0967456423109405,0.24580117808080265,0.0,0.001273852095319662,0.0022291125480591793,0.0,0.0,0.0,0.0
2024-04-01,-0.9045454545454544,-0.334090909090909,-1.26,-0.3795,-1.3957142857142857,-0.2647619047619048,-0.8066666666666668,-0.2695238095238095,-1.6135000000000002,-0.5559999999999999,3.9,0.19999999999999973,0.5,0.40000000000000036,0.0330555468012441,0.0021683241408003654,-0.010021106569367937,-0.00213352387770971,5.33,0.0,0.5,1.46,1.54,1.62,1.83,2.0700000000000003,-0.04250577768147858,0.03846917074303618,0.18875922274976178,-0.041615071737898725,0.009506098540271332,-0.0006581928551834823,0.0,0.0,0.0,0.0
2024-05-01,-0.9727272727272728,-0.3740909090909091,-0.9045454545454544,-0.334090909090909,-1.233,-0.3365,-1.02,-0.3795238095238095,-1.7345454545454544,-0.5581818181818181,3.9,0.0,0.2999999999999998,0.40000000000000036,0.03192763108768695,0.0004854694616886912,-0.0006501757487519053,0.006161931798148965,5.33,0.0,0.27000000000000046,1.4699999999999998,1.46,1.5599999999999996,1.79,2.1999999999999997,0.04690380530435967,0.034945447734624054,0.2331837566208488,0.0,0.00912785726899574,0.0029061339837288397,0.0,0.0,0.0,0.0
2024-06-01,-1.2010526315789474,-0.431578947368421,-0.9727272727272728,-0.3740909090909091,-1.26,-0.3795,-1.4220000000000002,-0.437,-1.6676190476190478,-0.8914285714285713,4.1,0.19999999999999973,0.49999999999999956,0.43333333333333357,0.029270002762863914,-0.000418383989980916,0.007704989424971371,0.0003073003687004655,5.33,0.0,0.25,1.5100000000000007,1.4699999999999998,1.54,1.62,2.0,0.03408234323888226,0.03848037086176328,0.20454723494508942,0.0,0.012859763151879302,0.0022713782960228574,0.0,0.0,0.0,0.0
2024-07-01,-1.1831818181818183,-0.2472727272727272,-1.2010526315789474,-0.431578947368421,-0.9045454545454544,-0.334090909090909,-1.3957142857142857,-0.2647619047619048,-1.589,-0.929,4.2,0.30000000000000027,0.7000000000000002,0.49999999999999956,0.028990444577876983,0.0016756758089767393,-0.009269171074808031,-0.009143304316003359,5.33,0.0,0.20999999999999996,1.5899999999999999,1.5100000000000007,1.46,1.62,1.8400000000000003,0.011257710402409889,0.09224385894565182,0.18514099443979531,0.0,0.014525256331508866,0.001275979273626599,0.0,0.0,0.0,0.0
2024-08-01,-1.4245454545454546,-0.0945454545454545,-1.1831818181818183,-0.2472727272727272,-0.9727272727272728,-0.3740909090909091,-1.233,-0.3365,-1.391304347826087,-0.7339130434782608,4.2,0.30000000000000027,0.5,0.5666666666666655,0.025737378736417748,0.001570987097175417,-0.00405823177502833,0.004542772371983832,5.33,0.0,0.0,1.7299999999999995,1.5899999999999999,1.4699999999999998,1.5599999999999996,1.8499999999999996,0.022577897117514727,0.06791795075880677,0.22559409540030395,0.0,0.019527020653070142,0.004323359461066231,0.0,0.0,0.0,0.0
2024-09-01,-1.1985,0.101,-1.4245454545454546,-0.0945454545454545,-1.2010526315789474,-0.431578947368421,-1.26,-0.3795,-1.1765,-0.643,4.1,0.0,0.39999999999999947,0.5333333333333341,0.0239751165349603,0.002131064398080943,-0.012077057801371123,-0.006217580718655453,5.13,-0.20000000000000018,-0.20000000000000018,1.6999999999999997,1.7299999999999995,1.5100000000000007,1.54,1.7800000000000002,0.019995632287754545,0.05383123980767914,0.2955358956113405,0.0,0.02484354431192163,0.003900495332866993,0.0,0.0,0.0,0.0
2024-10-01,-0.6227272727272727,0.1231818181818181,-1.1985,0.101,-1.1831818181818183,-0.2472727272727272,-0.9045454545454544,-0.334090909090909,-0.8066666666666668,-0.2695238095238095,4.1,-0.10000000000000053,0.19999999999999973,0.3999999999999999,0.02546152718143688,0.0028523267054203993,-0.00999716236194336,-0.0034012836016453934,4.83,-0.2999999999999998,-0.5,1.5300000000000002,1.6999999999999997,1.5899999999999999,1.46,1.83,-0.009946041598550177,0.032627487806719084,0.30781469501419373,-0.009896743303151727,0.02847214793997667,0.0029294832857949442,0.0,0.0,0.0,0.0
2024-11-01,-0.2642105263157894,0.0984210526315789,-0.6227272727272727,0.1231818181818181,-1.4245454545454546,-0.0945454545454545,-0.9727272727272728,-0.3740909090909091,-1.02,-0.3795238095238095,4.2,0.0,0.5,0.3999999999999999,0.02683151824415731,0.00283789553580792,-0.01570204386307299,-0.001781025012705958,4.64,-0.1900000000000004,-0.6900000000000004,1.42,1.5300000000000002,1.7299999999999995,1.4699999999999998,1.79,0.05571971402949727,0.06576930471870157,0.27810996084293815,0.0,0.03344482638799798,0.0056235992828710495,0.0,0.0,0.0,0.0
2024-12-01,0.0004761904761904,0.1657142857142857,-0.2642105263157894,0.0984210526315789,-1.1985,0.101,-1.2010526315789474,-0.431578947368421,-1.4220000000000002,-0.437,4.1,0.0,0.2999999999999998,0.399999999999999,0.028302586032356896,0.00339361846637306,-0.002745230917861187,0.010367801884561201,4.48,-0.15999999999999925,-0.8499999999999996,1.4100000000000001,1.42,1.6999999999999997,1.5100000000000007,1.62,-0.02530769218774562,0.02046598024320146,0.2095232332235842,-0.02499013704848363,0.0335023299601633,0.001565047596918602,0.0,0.0,0.0,0.0
2025-01-01,0.2861904761904761,0.3571428571428571,0.0004761904761904,0.1657142857142857,-0.6227272727272727,0.1231818181818181,-1.1831818181818183,-0.2472727272727272,-1.3957142857142857,-0.2647619047619048,4.0,-0.09999999999999964,0.2999999999999998,0.3666666666666658,0.02947120916169289,0.004263514505441052,0.008454189359275041,-0.002620864608518172,4.33,-0.15000000000000036,-1.0,1.4500000000000002,1.4100000000000001,1.5300000000000002,1.5899999999999999,1.62,0.02665780641966916,0.05706982826142071,0.22041034575682772,0.0,0.03323590129702897,0.0028953937952785297,0.0,0.0,0.0,0.0
2025-02-01,0.1189473684210526,0.2410526315789473,0.2861904761904761,0.3571428571428571,-0.2642105263157894,0.0984210526315789,-1.4245454545454546,-0.0945454545454545,-1.233,-0.3365,4.2,0.0,0.30000000000000027,0.2999999999999994,0.02763057010268532,0.0022485290696176,0.008087069726661475,0.010286225390843938,4.33,0.0,-1.0,1.4699999999999998,1.4500000000000002,1.42,1.7299999999999995,1.5599999999999996,-0.014344484648483261,-0.012994370416559677,0.1556383327955726,-0.014242092699825116,0.03228763710194108,0.0030258471008902774,0.0,0.0,0.0,0.0
2025-03-01,-0.0552380952380952,0.3104761904761904,0.1189473684210526,0.2410526315789473,0.0004761904761904,0.1657142857142857,-1.1985,0.101,-1.26,-0.3795,4.2,0.10000000000000053,0.30000000000000027,0.30000000000000027,0.02354054885684864,0.0003315276574472114,0.005785684376915333,-0.0005827653020850638,4.33,0.0,-1.0,1.6499999999999995,1.4699999999999998,1.4100000000000001,1.6999999999999997,1.54,-0.059266785380176656,-0.04695346360899079,0.06582412730365286,-0.07096723346243898,0.03376231801371596,0.0037037934598341234,0.0,0.0,0.0,0.0
2025-04-01,-0.0433333333333333,0.5014285714285714,-0.0552380952380952,0.3104761904761904,0.2861904761904761,0.3571428571428571,-0.6227272727272727,0.1231818181818181,-0.9045454545454544,-0.334090909090909,4.2,0.20000000000000018,0.30000000000000027,0.30000000000000027,0.022987630473163913,0.001615405757115822,0.008784823738986992,0.0008656154843619723,4.33,0.0,-1.0,1.8999999999999995,1.6499999999999995,1.4500000000000002,1.5300000000000002,1.46,-0.007654161847847313,-0.08126543187650732,0.10067574313728418,-0.0780510556741348,0.0382024861424405,0.0037819752735411757,0.0,0.0,0.0,0.0
2025-05-01,0.0623809523809523,0.5038095238095238,-0.0433333333333333,0.5014285714285714,0.1189473684210526,0.2410526315789473,-0.2642105263157894,0.0984210526315789,-0.9727272727272728,-0.3740909090909091,4.3,0.09999999999999964,0.3999999999999999,0.3333333333333335,0.02349448153127192,0.0009923205197966268,0.0010157139235759418,-0.0016071780172620428,4.33,0.0,-1.0,1.87,1.8999999999999995,1.4699999999999998,1.42,1.4699999999999998,0.05970544763775343,-0.007215499590270616,0.11347738547067807,-0.021329229112751955,0.03796089854976207,0.0026645463910505126,0.0,0.0,0.0,0.0
2025-06-01,-0.0375,0.4945,0.0623809523809523,0.5038095238095238,-0.0552380952380952,0.3104761904761904,0.0004761904761904,0.1657142857142857,-1.2010526315789474,-0.431578947368421,4.1,-0.10000000000000053,0.0,0.23333333333333295,0.026451590202880435,0.0025387246816277434,0.005776492609344394,0.00506807905446902,4.33,0.0,-1.0,1.7700000000000005,1.87,1.6499999999999995,1.4100000000000001,1.5100000000000007,0.048415655447618985,0.10046694123752506,0.1278106976794148,0.0,0.04047791300372203,0.004788392749982854,0.0,0.0,,0.0
2025-07-01,-0.0204545454545454,0.5095454545454546,-0.0375,0.4945,-0.0433333333333333,0.5014285714285714,0.2861904761904761,0.3571428571428571,-1.1831818181818183,-0.2472727272727272,4.3,0.09999999999999964,0.09999999999999964,0.16666666666666785,0.027056821032835927,0.0022809066389322327,0.01900590078016885,0.004086103854821384,4.33,0.0,-1.0,1.71,1.7700000000000005,1.8999999999999995,1.4500000000000002,1.5899999999999999,0.021435178792465086,0.12955628187783755,0.13798816606947,0.0,0.04291902957916287,0.00371709584906732,0.0,0.0,,0.0
2025-08-01,-0.04,0.5609523809523809,-0.0204545454545454,0.5095454545454546,0.0623809523809523,0.5038095238095238,0.1189473684210526,0.2410526315789473,-1.4245454545454546,-0.0945454545454545,4.3,0.0,0.09999999999999964,0.13333333333333375,0.028962427776042955,0.003476593840382678,0.01181668700330567,-0.0026464414048793243,4.33,0.0,-1.0,1.7400000000000002,1.71,1.87,1.4699999999999998,1.7299999999999995,0.018886957507385716,0.08873779174746989,0.13429722645934106,0.0,0.041620101375505696,0.0030244312574093544,0.0,0.0,,0.0
2025-09-01,0.0547619047619047,0.5519047619047619,-0.04,0.5609523809523809,-0.0375,0.4945,-0.0552380952380952,0.3104761904761904,-1.1985,0.101,4.4,0.3000000000000007,0.3000000000000007,0.23333333333333428,0.029777919832690073,0.0029465564547279883,0.01846025449526678,0.00042598677330557246,4.22,-0.11000000000000032,-0.9100000000000001,1.71,1.7400000000000002,1.7700000000000005,1.6499999999999995,1.6999999999999997,0.03471411909808157,0.07503625539793267,0.14901571326966837,0.0,0.04148394421651108,0.0037643381738721557,0.0,0.0,,0.0
2025-10-01,0.084090909090909,0.5404545454545455,0.0547619047619047,0.5519047619047619,-0.0204545454545454,0.5095454545454546,-0.0433333333333333,0.5014285714285714,-0.6227272727272727,0.1231818181818181,,,,,,,0.017440361528010616,-0.004421176568901552,4.09,-0.1299999999999999,-0.7400000000000002,1.6800000000000006,1.71,1.71,1.8999999999999995,1.5300000000000002,0.022433352045496773,0.07603442865096408,0.1813951069137151,0.0,0.04191815470574264,0.0033636937750265855,0.0,0.0,,0.0
2025-11-01,0.1566666666666666,0.543888888888889,0.084090909090909,0.5404545454545455,-0.04,0.5609523809523809,0.0623809523809523,0.5038095238095238,-0.2642105263157894,0.0984210526315789,4.5,0.20000000000000018,0.2999999999999998,,0.02660730441210932,,0.017391013413890932,-0.0018303731268256638,3.88,-0.20999999999999996,-0.7599999999999998,1.7700000000000005,1.6800000000000006,1.7400000000000002,1.87,1.42,0.001298774393957997,0.05844624553753628,0.12697416727817581,0.0,0.03774101857913548,0.0014464631562637993,0.0,0.0,,0.0
2025-12-01,0.4636363636363636,0.6422727272727273,0.1566666666666666,0.543888888888889,0.0547619047619047,0.5519047619047619,-0.0375,0.4945,0.0004761904761904,0.1657142857142857,4.4,0.0,0.3000000000000007,,0.026187145118178157,0.0029734591724420866,0.011562827331176239,0.004539615801846411,3.72,-0.1599999999999997,-0.7600000000000002,1.7600000000000007,1.7700000000000005,1.71,1.7700000000000005,1.4100000000000001,-0.0005242718289754783,0.02320785461047911,0.15175758763694616,-0.0005241344225139403,0.039586182955172224,0.0034102119729553346,0.0,,,0.0
2026-01-01,0.548,0.6765,0.4636363636363636,0.6422727272727273,0.084090909090909,0.5404545454545455,-0.0204545454545454,0.5095454545454546,0.2861904761904761,0.3571428571428571,4.3,,0.2999999999999998,,0.023630599411519414,0.0017069687987821122,0.010525565367498515,-0.0036581265721958756,3.64,-0.08000000000000007,-0.69,1.67,1.7600000000000007,1.6800000000000006,1.71,1.4500000000000002,0.013570462244289077,0.014344964809271601,0.13867024346156606,0.0,0.04008049423238224,0.0033897050724887605,0.0,,,0.0
2026-02-01,0.4378947368421053,0.6542105263157895,0.548,0.6765,0.1566666666666666,0.543888888888889,-0.04,0.5609523809523809,0.1189473684210526,0.2410526315789473,4.4,-0.09999999999999964,0.20000000000000018,,0.024048542884178348,0.0026664725422765193,0.008372428721382108,0.00813308874472743,3.64,0.0,-0.69,1.6799999999999997,1.67,1.7700000000000005,1.7400000000000002,1.4699999999999998,-0.008706133376068959,0.004340057039244584,0.14430859473398033,-0.008668344740704348,0.04582597125025617,0.008771324118764256,0.0,,,0.0
2026-03-01,0.5268181818181819,0.5313636363636364,0.4378947368421053,0.6542105263157895,0.4636363636363636,0.6422727272727273,0.0547619047619047,0.5519047619047619,-0.0552380952380952,0.3104761904761904,4.3,-0.10000000000000053,0.09999999999999964,,0.03233124433257678,0.008614229105845648,0.00579176297560555,-0.0031634310478616478,3.64,0.0,-0.69,1.79,1.6799999999999997,1.7600000000000007,1.71,1.6499999999999995,-0.05227555661610112,-0.047411227747880993,0.15129982349805593,-0.05915953358539393,0.044739523937690255,0.002617346147268059,,,,0.0
2026-04-01,0.6227272727272727,0.52,0.5268181818181819,0.5313636363636364,0.548,0.6765,0.084090909090909,0.5404545454545455,-0.0433333333333333,0.5014285714285714,4.3,0.0,0.09999999999999964,,0.03709582098292752,0.006379982407466562,0.013564547254940502,0.008638399763697027,3.64,0.0,-0.69,1.71,1.79,1.67,1.6800000000000006,1.8999999999999995,0.0991513257212326,0.03816963572906252,0.2581053110671358,0.0,0.046158623463148474,0.005201074798999313,,,,0.0
2026-05-01,0.7985,0.489,0.6227272727272727,0.52,0.4378947368421053,0.6542105263157895,0.1566666666666666,0.543888888888889,0.0623809523809523,0.5038095238095238,4.3,-0.10000000000000053,0.0,,0.04082149548700716,0.004717995023876308,0.01652191423565808,0.0013501889634553294,3.63,-0.010000000000000231,-0.7000000000000002,1.6199999999999992,1.71,1.6799999999999997,1.7700000000000005,1.87,0.050189522855194325,0.09706529196032594,0.24858938628457683,0.0,0.054301739710151925,0.010807662638054027,,,,0.0
